time,x_true,y_true,yaw_true,hmkf_x,hmkf_y,hmkf_yaw,mkf_x,mkf_y,mkf_yaw,ekf_x,ekf_y,ekf_yaw,ukf_x,ukf_y,ukf_yaw,hmkf_xy_error,hmkf_yaw_error,mkf_xy_error,mkf_yaw_error,ekf_xy_error,ekf_yaw_error,ukf_xy_error,ukf_yaw_error
0,0,0,0,0,0,0,0,0,0,0,0,0,0,0,0,0,0,0,0,0,0,0,0
0.5,3.40816,5.40816,0.762558,3.43015,5.43549,0.77161,3.43016,5.43551,0.771609,3.42854,5.43748,0.763284,3.43044,5.43569,0.772426,0.0350773,0.00905142,0.0351012,0.00905019,0.0357098,0.000725665,0.0354155,0.00986719
1,3.83078,5.8119,0.756587,3.87502,5.86749,0.776898,3.87503,5.86751,0.776897,3.87817,5.86699,0.767507,3.87499,5.86807,0.777476,0.0710476,0.0203106,0.0710705,0.0203093,0.0726796,0.0109196,0.0714884,0.0208885
1.5,4.31439,6.26842,0.783931,4.31818,6.30061,0.774373,4.3182,6.30063,0.774372,4.32667,6.29732,0.762944,4.31804,6.30142,0.775118,0.0324116,0.00955782,0.032432,0.00955907,0.0313955,0.020987,0.0331981,0.00881286
2,4.75201,6.70476,0.75018,4.77011,6.73984,0.767946,4.77013,6.73986,0.767947,4.78477,6.73302,0.754565,4.76985,6.74056,0.768368,0.0394756,0.0177661,0.0395028,0.017767,0.0432707,0.00438488,0.040004,0.0181877
2.5,5.14578,7.07172,0.753176,5.18781,7.13871,0.772576,5.18784,7.13872,0.772568,5.20953,7.12772,0.758455,5.1875,7.14069,0.775845,0.0790801,0.0194002,0.079102,0.0193918,0.0848498,0.00527856,0.0806093,0.0226691
3,5.51587,7.4187,0.726256,5.62591,7.55244,0.742307,5.62595,7.55245,0.742301,5.65376,7.53805,0.725113,5.62546,7.55523,0.747414,0.173194,0.0160517,0.173227,0.0160451,0.182368,0.00114208,0.175082,0.0211585
3.5,6.03591,7.8806,0.689743,6.09362,7.96731,0.705093,6.09367,7.96732,0.70509,6.12798,7.94876,0.688294,6.09335,7.96989,0.708343,0.104163,0.0153497,0.104197,0.0153471,0.114554,0.0014484,0.106173,0.0185998
4,6.42777,8.20385,0.612095,6.53645,8.31851,0.652167,6.53651,8.31848,0.652157,6.57568,8.29721,0.63585,6.53817,8.3204,0.657309,0.157973,0.0400723,0.158001,0.0400617,0.174904,0.0237547,0.160536,0.0452138
4.5,7.00885,8.61179,0.533693,7.05521,8.69286,0.575285,7.05526,8.69283,0.575282,7.09866,8.66874,0.560701,7.05871,8.69196,0.573794,0.0933911,0.0415925,0.09339,0.0415896,0.106346,0.0270085,0.0944175,0.040101
5,7.45067,8.87285,0.514413,7.58112,9.01501,0.516375,7.58116,9.01496,0.51637,7.62884,8.98759,0.503275,7.58655,9.01129,0.514145,0.192941,0.00196219,0.192938,0.00195703,0.211922,0.0111382,0.193979,0.000267908
5.5,7.92113,9.13874,0.525199,8.14277,9.34002,0.522428,8.14281,9.33999,0.522424,8.19638,9.30687,0.511627,8.14838,9.33514,0.520951,0.29939,0.0027714,0.299395,0.0027751,0.322528,0.0135726,0.300352,0.00424814
6,8.37778,9.40337,0.56816,8.69558,9.67361,0.572084,8.69562,9.67358,0.572081,8.7554,9.6345,0.562238,8.70125,9.66802,0.5718,0.41717,0.0039239,0.417176,0.00392065,0.442742,0.00592259,0.417939,0.00363902
6.5,8.8114,9.68018,0.501602,9.21821,9.98326,0.481504,9.21826,9.98323,0.4815,9.28156,9.94232,0.465048,9.22433,9.97783,0.480639,0.507301,0.0200981,0.507326,0.0201022,0.538305,0.0365546,0.509031,0.0209635
7,9.37017,9.9866,0.533537,9.81066,10.3083,0.505699,9.8107,10.3083,0.505698,9.88118,10.2589,0.494114,9.81619,10.3022,0.504391,0.545477,0.0278382,0.545504,0.0278393,0.579022,0.0394232,0.546403,0.0291463
7.5,9.85001,10.27,0.534888,10.2941,10.5655,0.520241,10.2942,10.5654,0.520234,10.3695,10.512,0.508396,10.3011,10.5595,0.521568,0.533404,0.0146468,0.53343,0.0146535,0.57309,0.0264917,0.535938,0.0133199
8,10.4852,10.6464,0.545779,10.8045,10.8533,0.528301,10.8046,10.8532,0.528292,10.8853,10.7951,0.515327,10.8117,10.8482,0.529681,0.380531,0.0174782,0.380557,0.0174865,0.42682,0.0304518,0.383807,0.0160977
8.5,10.9459,10.9262,0.497034,11.3384,11.1629,0.528838,11.3385,11.1628,0.52883,11.425,11.099,0.51441,11.3453,11.1582,0.529028,0.458371,0.0318036,0.4584,0.0317962,0.509322,0.0173755,0.461941,0.0319941
9,11.5192,11.2371,0.437037,11.8683,11.4454,0.438261,11.8684,11.4453,0.438254,11.959,11.3782,0.42031,11.8761,11.44,0.438365,0.406508,0.00122435,0.406546,0.00121686,0.461908,0.0167273,0.410587,0.00132836
9.5,11.9954,11.4596,0.497035,12.4018,11.695,0.468048,12.4019,11.6949,0.468039,12.4992,11.6191,0.45352,12.4099,11.6904,0.469494,0.469598,0.0289867,0.469639,0.0289964,0.528435,0.0435153,0.474349,0.0275411
10,12.5413,11.7558,0.631165,12.9916,12.0205,0.558645,12.9917,12.0204,0.558638,13.0971,11.9343,0.546521,12.9983,12.0165,0.558777,0.522298,0.0725202,0.522335,0.0725274,0.583684,0.0846439,0.526097,0.0723881
10.5,13.0424,12.122,0.626392,13.4774,12.3319,0.598142,13.4775,12.3318,0.598131,13.5893,12.2399,0.583943,13.4845,12.3282,0.598599,0.482982,0.0282501,0.48302,0.0282604,0.559439,0.0424484,0.487816,0.0277926
11,13.4492,12.4164,0.531663,14.0048,12.6732,0.540525,14.005,12.6731,0.540518,14.1228,12.5758,0.513033,14.0121,12.6698,0.547325,0.612102,0.00886267,0.612177,0.00885506,0.69217,0.01863,0.617278,0.0156628
11.5,14.0151,12.7492,0.504426,14.4908,12.9649,0.553414,14.4909,12.9648,0.553402,14.6189,12.8552,0.530009,14.4964,12.9653,0.559716,0.522338,0.0489878,0.522416,0.0489757,0.613028,0.025583,0.527664,0.0552893
12,14.5348,13.0361,0.444567,15.0373,13.2611,0.419133,15.0375,13.261,0.419125,15.1688,13.1486,0.395804,15.0467,13.2564,0.426695,0.550583,0.0254336,0.550665,0.025442,0.643902,0.048763,0.557238,0.0178716
12.5,15.2,13.353,0.52854,15.551,13.4957,0.477748,15.5512,13.4955,0.477736,15.6916,13.3695,0.458452,15.5571,13.4993,0.486131,0.378917,0.0507918,0.379027,0.0508044,0.491909,0.0700876,0.385939,0.0424091
13,15.6958,13.6425,0.592049,16.0724,13.7768,0.537273,16.0726,13.7766,0.537259,16.2215,13.6398,0.519903,16.0757,13.786,0.543074,0.39976,0.0547764,0.399885,0.0547908,0.525629,0.0721464,0.406045,0.0489751
13.5,16.1203,13.928,0.654017,16.6185,14.1117,0.576876,16.6187,14.1115,0.576864,16.7764,13.9643,0.557262,16.6196,14.1233,0.576681,0.531058,0.0771402,0.531171,0.0771531,0.65711,0.0967548,0.536163,0.0773353
14,16.65,14.3341,0.738865,17.2144,14.5174,0.652667,17.2145,14.5172,0.65266,17.3846,14.3543,0.630455,17.2136,14.5278,0.63697,0.593366,0.0861983,0.593439,0.0862053,0.73491,0.10841,0.595964,0.101895
14.5,17.176,14.8132,0.742455,17.6487,14.8621,0.667592,17.6488,14.8619,0.667577,17.8302,14.6885,0.635507,17.6534,14.8661,0.654896,0.475231,0.0748626,0.475337,0.0748779,0.665991,0.106948,0.480331,0.087559
15,17.6133,15.2145,0.782191,18.1565,15.2689,0.690514,18.1564,15.2685,0.690505,18.3565,15.0751,0.650461,18.1665,15.264,0.669399,0.545918,0.091677,0.545776,0.0916861,0.756119,0.13173,0.555362,0.112792
15.5,18.0348,15.6334,0.787045,18.6278,15.6586,0.6936,18.628,15.6585,0.693591,18.8604,15.4283,0.520352,18.6469,15.643,0.671898,0.593439,0.0934449,0.593729,0.0934537,0.850675,0.266693,0.612097,0.115147
16,18.5142,16.1143,0.821864,19.0503,16.0215,0.698954,19.0504,16.0212,0.698928,19.3438,15.7118,0.556347,19.0763,15.9975,0.680184,0.544077,0.122911,0.544276,0.122936,0.92213,0.265517,0.574079,0.14168
16.5,18.9638,16.5979,0.815127,19.5451,16.436,0.705717,19.5459,16.4363,0.705686,19.8981,16.0537,0.55324,19.5821,16.3999,0.683194,0.603441,0.109409,0.60417,0.10944,1.08132,0.261887,0.649277,0.131932
17,19.4592,17.1237,0.792482,20.0399,16.84,0.703098,20.0392,16.8391,0.703075,20.4423,16.3962,0.590657,20.0741,16.8025,0.689969,0.646254,0.0893832,0.646123,0.0894066,1.22308,0.201825,0.693793,0.102512
17.5,19.8505,17.5206,0.788522,20.5825,17.2651,0.697662,20.579,17.2617,0.697601,21.017,16.7821,0.624233,20.6038,17.2336,0.69565,0.77529,0.09086,0.773188,0.0909212,1.38058,0.164289,0.806119,0.0928718
18,20.2779,17.9506,0.818049,21.0461,17.6495,0.699864,21.0408,17.6445,0.699858,21.5116,17.1338,0.600198,21.0624,17.617,0.699507,0.825147,0.118185,0.822028,0.118191,1.47963,0.217851,0.85256,0.118542
18.5,20.7262,18.4292,0.688036,21.5213,18.0319,0.69829,21.5127,18.0242,0.698311,22.0149,17.4848,0.62937,21.5265,18.0005,0.701078,0.888894,0.0102541,0.88468,0.0102748,1.59768,0.0586658,0.907903,0.0130422
19,21.2457,18.8563,0.733099,21.9902,18.4106,0.697996,21.978,18.4,0.698043,22.5032,17.8448,0.642862,21.9853,18.3777,0.701636,0.867675,0.0351023,0.862787,0.0350562,1.6138,0.0902366,0.880915,0.0314627
19.5,21.7846,19.3415,0.695841,22.4975,18.8102,0.696918,22.4813,18.7959,0.696868,23.0287,18.2262,0.610475,22.4791,18.7786,0.702253,0.889174,0.00107604,0.885013,0.00102609,1.6709,0.085366,0.894017,0.00641129
20,22.3143,19.784,0.602595,22.9965,19.2187,0.700634,22.9798,19.2035,0.700508,23.58,18.5784,0.483417,22.9728,19.1912,0.70676,0.885944,0.0980395,0.883106,0.0979129,1.74796,0.119178,0.885966,0.104165
20.5,22.8075,20.1233,0.598936,23.4562,19.5868,0.700185,23.4362,19.5695,0.700245,24.1038,18.8613,0.53073,23.4245,19.5573,0.705762,0.841832,0.101249,0.837797,0.101309,1.80911,0.0682058,0.837239,0.106825
21,23.4031,20.5298,0.640416,24.0527,20.0309,0.696683,24.0305,20.0081,0.696103,24.7492,19.2414,0.5522,23.9977,20.0196,0.7082,0.81908,0.0562671,0.816018,0.0556868,1.86332,0.0882163,0.783473,0.0677838
21.5,23.862,20.8718,0.715136,24.5643,20.414,0.693372,24.5347,20.3868,0.69328,25.2917,19.5845,0.598413,24.4959,20.3986,0.703218,0.838302,0.021764,0.829256,0.0218556,1.92386,0.116723,0.791021,0.0119177
22,24.3111,21.2618,0.733355,25.0171,20.7734,0.694157,24.9809,20.7427,0.694386,25.7703,19.9186,0.618568,24.94,20.7506,0.701416,0.85851,0.0391985,0.847392,0.0389688,1.98333,0.114787,0.810506,0.0319395
22.5,24.846,21.7437,0.856571,25.5922,21.2083,0.694097,25.5549,21.1708,0.693482,26.3938,20.2958,0.386042,25.4994,21.1962,0.703714,0.918403,0.162474,0.911555,0.16309,2.1195,0.470529,0.852516,0.152857
23,25.3191,22.2895,0.870513,26.0086,21.5572,0.69778,25.9673,21.5208,0.697814,26.9077,20.5058,0.43908,25.9128,21.5418,0.705632,1.00583,0.172733,1.00555,0.1727,2.38858,0.431433,0.954726,0.164882
23.5,25.7767,22.8324,0.883175,26.4522,21.9297,0.70212,26.4094,21.8943,0.702424,27.4446,20.7594,0.462373,26.3539,21.9155,0.709361,1.12747,0.181055,1.13154,0.180751,2.6607,0.420802,1.08346,0.173814
24,26.2329,23.3879,0.902553,26.9251,22.3507,0.710692,26.8863,22.3164,0.710727,28.0292,21.0471,0.44358,26.8301,22.3411,0.717786,1.24694,0.19186,1.25499,0.191826,2.95064,0.458972,1.20513,0.184767
24.5,26.5845,23.8333,0.904087,27.3949,22.7181,0.710246,27.3536,22.6834,0.710481,28.5792,21.3114,0.467234,27.2894,22.7166,0.718622,1.37859,0.193841,1.38338,0.193606,3.21538,0.436853,1.32053,0.185465
25,26.9661,24.3182,0.929151,27.8065,23.0736,0.71405,27.759,23.0443,0.7154,29.0801,21.5605,0.463774,27.7042,23.0636,0.719718,1.50179,0.215101,1.50055,0.213752,3.47476,0.465378,1.45567,0.209434
25.5,27.3158,24.7863,0.902621,28.397,23.4357,0.701594,28.3551,23.3927,0.7008,29.7006,21.8775,0.491234,28.2488,23.4749,0.717627,1.73011,0.201026,1.73854,0.201821,3.76146,0.411386,1.60947,0.184993
26,27.7471,25.3327,0.976072,28.7867,23.8954,0.72249,28.7559,23.8562,0.721085,30.2608,22.1475,0.360356,28.6576,23.9299,0.73535,1.77385,0.253582,1.78827,0.254987,4.05762,0.615716,1.6724,0.240722
26.5,28.1491,25.927,0.944852,29.1648,24.3448,0.740469,29.1354,24.3096,0.739362,30.8224,22.3603,0.387037,29.062,24.3525,0.746459,1.8802,0.204382,1.89442,0.205489,4.45738,0.557815,1.82007,0.198393
27,28.5387,26.466,0.94707,29.3886,25.032,0.799295,29.3747,24.9932,0.79646,31.4196,22.5978,0.353437,29.3917,24.93,0.782562,1.66695,0.147775,1.69349,0.15061,4.82312,0.593632,1.75697,0.164508
27.5,28.884,26.9458,0.929326,29.8191,25.341,0.789874,29.7887,25.3191,0.789963,31.9336,22.7846,0.393531,29.8415,25.2107,0.768703,1.85743,0.139452,1.86139,0.139363,5.1591,0.535795,1.98184,0.160623
28,29.2677,27.4596,0.968473,30.1241,25.8918,0.819913,30.0954,25.8653,0.818995,32.4926,23.0162,0.404789,30.2441,25.6421,0.777458,1.7865,0.14856,1.7964,0.149478,5.49028,0.563685,2.06318,0.191015
28.5,29.6178,27.9688,1.0497,29.9564,27.0363,0.964521,29.9187,26.9955,0.962136,33.0778,23.253,0.33723,30.42,26.3716,0.837805,0.992058,0.0851743,1.01876,0.0875586,5.84898,0.712465,1.7873,0.21189
29,29.9453,28.5393,1.01668,30.2161,27.6016,0.990472,30.166,27.5696,0.989856,33.6391,23.4443,0.335295,30.5883,27.0398,0.88597,0.976011,0.0262057,0.994474,0.0268221,6.29314,0.681382,1.63157,0.130708
29.5,30.25,29.0317,1.02025,30.5642,28.2137,1.00612,30.5184,28.178,1.00615,34.2901,23.6784,0.334197,30.6419,27.9788,0.968365,0.876307,0.0141301,0.894977,0.0140996,6.70677,0.686057,1.12351,0.0518893
30,30.5485,29.5181,0.973892,30.9398,28.7356,0.971507,30.8992,28.6976,0.971341,34.9028,23.9013,0.372675,31.1533,28.3643,0.940524,0.874929,0.00238524,0.89231,0.00255164,7.10699,0.601217,1.30269,0.0333687
30.5,30.9474,30.105,0.956528,31.288,29.2128,0.956201,31.2448,29.1782,0.956181,35.4594,24.1191,0.389353,31.5431,28.8019,0.930486,0.95497,0.000327175,0.973361,0.000347193,7.49596,0.567176,1.43282,0.0260423
31,31.2844,30.5829,0.906047,31.6543,29.7136,0.928526,31.6113,29.6798,0.928512,36.0351,24.3597,0.416913,31.9494,29.2669,0.909026,0.944714,0.0224791,0.960429,0.0224654,7.82919,0.489134,1.47445,0.00297933
31.5,31.6679,31.0721,0.985834,32.0322,30.2492,0.969417,31.9924,30.2133,0.969539,36.6388,24.6161,0.364147,32.3255,29.808,0.956154,0.89994,0.0164169,0.918114,0.0162951,8.14802,0.621687,1.42499,0.0296806
32,32.024,31.6098,0.992494,32.3603,30.6804,0.953387,32.3129,30.6522,0.95367,37.1545,24.8108,0.387789,32.6471,30.2457,0.937667,0.988387,0.0391072,1.00027,0.0388238,8.51759,0.604705,1.49974,0.0548275
32.5,32.3905,32.1713,0.965606,32.7129,31.1514,0.931254,32.6622,31.1268,0.931581,37.7032,25.0371,0.412505,33.0018,30.7163,0.916752,1.06958,0.034352,1.07922,0.0340249,8.89497,0.5531,1.57818,0.0488539
33,32.8157,32.786,0.924863,33.117,31.7069,0.893133,33.0721,31.6779,0.893242,38.3285,25.3182,0.447907,33.428,31.2549,0.88493,1.12034,0.0317298,1.13739,0.0316204,9.28219,0.476955,1.64896,0.0399322
33.5,33.1668,33.2517,0.934275,33.5042,32.1969,0.917105,33.4595,32.1684,0.917357,38.8972,25.5832,0.414495,33.8201,31.742,0.90411,1.1075,0.0171699,1.12223,0.0169185,9.57311,0.51978,1.64502,0.0301656
34,33.5812,33.8124,0.84767,33.9247,32.7467,0.855395,33.8865,32.7131,0.855314,39.5248,25.8733,0.482587,34.2648,32.2727,0.850881,1.11974,0.00772499,1.14094,0.00764408,9.91745,0.365083,1.68465,0.00321053
34.5,33.9141,34.1896,0.880359,34.3341,33.1857,0.821742,34.2939,33.1546,0.821692,40.0563,26.1601,0.519483,34.6725,32.7133,0.822103,1.08822,0.0586166,1.1025,0.0586669,10.1094,0.360875,1.65974,0.058256
35,34.233,34.5756,0.876229,34.768,33.6586,0.818956,34.7297,33.6264,0.818921,40.6189,26.474,0.497446,35.1116,33.1822,0.81871,1.06168,0.0572729,1.07134,0.0573077,10.3158,0.378783,1.64729,0.0575187
35.5,34.6492,35.0752,0.911756,35.1583,34.0838,0.874847,35.116,34.0562,0.875052,41.1364,26.7405,0.419753,35.4998,33.6096,0.842987,1.11451,0.0369085,1.12086,0.0367032,10.5617,0.492002,1.69455,0.0687681
36,35.0797,35.631,0.81035,35.5821,34.5617,0.836167,35.5414,34.5332,0.836227,41.7185,27.0105,0.474919,35.937,34.0754,0.826287,1.18149,0.0258167,1.19093,0.0258768,10.8806,0.335431,1.77618,0.0159371
36.5,35.5707,36.1471,0.785218,35.9742,34.9356,0.819791,35.9261,34.9144,0.820046,42.2006,27.2669,0.499613,36.3201,34.4556,0.812132,1.27699,0.0345723,1.28291,0.0348275,11.0821,0.285605,1.85007,0.0269138
37,35.9723,36.5486,0.883084,36.3795,35.3321,0.813091,36.3264,35.3159,0.813493,42.6997,27.544,0.505329,36.7207,34.8545,0.805485,1.28287,0.0699933,1.28251,0.0695906,11.2401,0.377755,1.85205,0.0775992
37.5,36.3964,37.0648,0.774901,36.836,35.829,0.804428,36.7873,35.8095,0.804713,43.295,27.8666,0.500061,37.1915,35.3379,0.803771,1.31169,0.0295275,1.3148,0.0298119,11.4978,0.27484,1.9012,0.0288696
38,36.8461,37.5052,0.786179,37.2733,36.2497,0.784848,37.223,36.2318,0.785179,43.8275,28.1638,0.527878,37.6256,35.7593,0.795659,1.32621,0.00133162,1.32803,0.00100071,11.662,0.258302,1.912,0.00947962
38.5,37.2915,37.9513,0.68476,37.6634,36.62,0.809574,37.6066,36.6097,0.810006,44.3075,28.4195,0.377197,38.0025,36.1402,0.80227,1.38227,0.124815,1.37811,0.125246,11.8356,0.307563,1.94566,0.11751
39,37.7566,38.3311,0.650972,38.051,37.0639,0.849482,37.9922,37.0572,0.849935,44.8598,28.6398,0.398237,38.4056,36.5686,0.81233,1.30098,0.19851,1.29548,0.198964,12.0157,0.252734,1.8782,0.161358
39.5,38.3328,38.7701,0.637299,38.4473,37.6053,0.8938,38.3919,37.5963,0.894219,45.4778,28.9008,0.402244,38.8438,37.0713,0.829283,1.17039,0.256502,1.17521,0.25692,12.1841,0.235055,1.77395,0.191985
40,38.7463,39.0762,0.651803,38.8304,38.0601,0.893418,38.7729,38.0537,0.893933,46.0296,29.1369,0.415763,39.2484,37.5045,0.832305,1.0196,0.241616,1.02288,0.242131,12.3222,0.23604,1.64994,0.180502
40.5,39.2787,39.4824,0.668641,39.2374,38.6169,0.916335,39.1845,38.6065,0.916854,46.6613,29.4123,0.402807,39.6888,38.0298,0.847432,0.866522,0.247694,0.880952,0.248213,12.4864,0.265834,1.50933,0.178791
41,39.6966,39.8126,0.657749,39.6422,39.1644,0.917834,39.5937,39.1506,0.91825,47.2881,29.6799,0.406156,40.1245,38.548,0.857825,0.65046,0.260085,0.669915,0.260501,12.661,0.251594,1.33501,0.200076
41.5,40.1339,40.1504,0.622535,40.0118,39.6561,0.939965,39.9625,39.6434,0.940448,47.8581,29.9195,0.385329,40.5084,39.0253,0.87051,0.509146,0.31743,0.535144,0.317913,12.8193,0.237206,1.18575,0.247975
42,40.6671,40.5331,0.559394,40.3593,40.1462,0.986982,40.308,40.1357,0.987561,48.4223,30.1373,0.338946,40.8304,39.5392,0.904979,0.494447,0.427588,0.535662,0.428168,12.9698,0.220448,1.00719,0.345585
42.5,41.1606,40.8421,0.576926,40.7249,40.7038,0.97095,40.6768,40.6909,0.971375,49.0496,30.3647,0.359962,41.2132,40.084,0.922329,0.457126,0.394024,0.506894,0.394448,13.1153,0.216965,0.759943,0.345402
43,41.7339,41.2152,0.583474,41.071,41.225,1.00515,41.0229,41.2124,1.00563,49.6404,30.5787,0.323164,41.5186,40.6415,0.964138,0.662975,0.421674,0.710981,0.422156,13.2532,0.260309,0.612688,0.380664
43.5,42.2457,41.553,0.589465,41.4275,41.7839,0.97797,41.3823,41.7692,0.978313,50.2669,30.7971,0.354769,41.9212,41.1642,0.952889,0.850078,0.388505,0.889979,0.388848,13.4175,0.234696,0.506378,0.363424
44,42.7731,41.9057,0.560243,41.7479,42.2389,0.993162,41.6974,42.2293,0.993659,50.7973,30.9865,0.33993,42.2337,41.6266,0.968391,1.07801,0.432919,1.12325,0.433416,13.5506,0.220313,0.607372,0.408149
44.5,43.2912,42.2307,0.566742,42.118,42.832,0.997488,42.0731,42.818,0.997864,51.4543,31.2207,0.331218,42.622,42.2071,0.985274,1.31829,0.430746,1.35228,0.431122,13.7061,0.235524,0.669616,0.418532
45,43.728,42.5087,0.568114,42.4607,43.3589,0.991998,42.416,43.345,0.992356,52.051,31.427,0.339723,42.9746,42.7277,0.978749,1.52607,0.423884,1.55579,0.424242,13.8591,0.228391,0.784577,0.410635
45.5,44.3565,42.9099,0.510369,42.815,43.901,0.97858,42.7721,43.8859,0.978888,52.6621,31.6461,0.353447,43.3413,43.2614,0.966228,1.83257,0.468211,1.86083,0.468519,13.9948,0.156922,1.07427,0.455859
46,44.8759,43.2007,0.475784,43.1355,44.4449,1.1206,43.0929,44.4298,1.12112,53.266,31.8362,0.195843,43.6634,43.8057,1.10267,2.13945,0.64482,2.16557,0.645338,14.126,0.279941,1.35509,0.626886
46.5,45.3208,43.4299,0.497354,43.4133,44.9837,1.07018,43.3694,44.9701,1.07056,53.8635,31.9635,0.261034,43.9517,44.3401,1.05199,2.46019,0.572831,2.48598,0.573207,14.2988,0.23632,1.64398,0.554633
47,45.7746,43.6763,0.513968,43.7007,45.4954,1.06811,43.654,45.4846,1.06853,54.4369,32.1127,0.26679,44.243,44.8513,1.05187,2.75866,0.554144,2.78696,0.554564,14.4482,0.247178,1.9304,0.537902
47.5,46.3805,44.0184,0.415397,43.9789,46.0665,1.21495,43.933,46.0553,1.21553,55.0591,32.253,0.107518,44.5298,45.4184,1.20522,3.15632,0.799549,3.18427,0.800134,14.6199,0.307879,2.32062,0.789818
48,46.867,44.2329,0.353244,44.2194,46.7059,1.20904,44.1775,46.6915,1.20938,55.7329,32.3431,0.125566,44.786,46.049,1.1963,3.62286,0.855801,3.64387,0.856133,14.8315,0.227678,2.76198,0.843057
48.5,47.4623,44.4524,0.343855,44.4614,47.3303,1.19082,44.4227,47.3134,1.19105,56.3938,32.4401,0.14561,45.0428,46.6653,1.17722,4.15787,0.84696,4.17426,0.847196,14.9689,0.198245,3.27891,0.833363
49,48.0555,44.6648,0.29286,44.7065,48.001,1.26448,44.6743,47.9787,1.2647,57.0927,32.5442,0.0652093,45.3088,47.3237,1.25522,4.72712,0.971617,4.73442,0.971836,15.1189,0.227651,3.82287,0.962362
49.5,48.722,44.8658,0.32856,44.894,48.6032,1.28024,44.8622,48.5808,1.28041,57.7239,32.5848,0.0556504,45.5037,47.9236,1.26804,5.34995,0.951684,5.3572,0.951845,15.2268,0.27291,4.43933,0.939478
50,49.2618,45.0498,0.304916,45.089,49.2218,1.24649,45.0591,49.1982,1.24656,58.3707,32.634,0.0924794,45.7101,48.5373,1.23158,5.90066,0.941577,5.90522,0.941639,15.3989,0.212437,4.97762,0.92666
50.5,49.9259,45.2589,0.312295,45.2938,49.8284,1.2465,45.2652,49.804,1.24657,59.0089,32.6962,0.0912176,45.9262,49.1394,1.23258,6.50667,0.934206,6.51003,0.93427,15.5023,0.221077,5.57285,0.92029
51,50.4344,45.423,0.331077,45.5029,50.4164,1.20518,45.4743,50.3923,1.20521,59.6327,32.7611,0.135108,46.1436,49.7247,1.18937,7.01808,0.874103,7.02108,0.87413,15.6503,0.195969,6.07578,0.858288
51.5,50.956,45.6023,0.333498,45.7311,51.0043,1.19545,45.7031,50.98,1.19549,60.2594,32.8484,0.142859,46.3817,50.3086,1.18077,7.51539,0.861947,7.51749,0.861991,15.7866,0.190639,6.56301,0.847272
52,51.4695,45.7802,0.483186,45.9892,51.6099,1.10956,45.9638,51.5837,1.10949,60.9073,32.9638,0.23194,46.6534,50.9069,1.09268,8.00119,0.626377,7.99962,0.626301,15.9164,0.251246,7.03404,0.609496
52.5,51.9806,46.0484,0.465793,46.2849,52.1954,1.07671,46.262,52.1675,1.07662,61.5445,33.1222,0.260947,46.9628,51.4843,1.0623,8.38021,0.610917,8.37528,0.610832,16.0796,0.204846,7.39782,0.59651
53,52.5322,46.3257,0.520888,46.6029,52.7669,1.023,46.5826,52.7371,1.02286,62.1743,33.3023,0.315253,47.2936,52.0477,1.00965,8.75476,0.502111,8.74675,0.501968,16.2043,0.205635,7.75788,0.488765
53.5,52.974,46.5791,0.540917,46.9086,53.2222,1.01053,46.8824,53.1977,1.01051,62.7019,33.4751,0.328217,47.5956,52.5072,0.994545,8.99551,0.469609,8.99515,0.469596,16.3202,0.2127,8.00433,0.453628
54,53.5053,46.8983,0.598709,47.2373,53.7181,0.980759,47.2089,53.6957,0.980785,63.2674,33.6723,0.357179,47.9289,53.0007,0.966249,9.26272,0.38205,9.26551,0.382076,16.4385,0.24153,8.26653,0.36754
54.5,54.0372,47.2611,0.560063,47.5778,54.221,0.991862,47.5482,54.1999,0.991965,63.8413,33.8816,0.335027,48.2746,53.5006,0.975762,9.49541,0.431799,9.50013,0.431902,16.5871,0.225036,8.49343,0.415699
55,54.6206,47.627,0.532179,47.9224,54.7848,1.03694,47.8956,54.7616,1.03705,64.47,34.089,0.283559,48.6303,54.057,1.01978,9.80307,0.504762,9.80456,0.504874,16.7418,0.248619,8.78801,0.487597
55.5,55.1522,47.94,0.525329,48.2366,55.3204,1.05125,48.2096,55.2977,1.05134,65.0699,34.2613,0.276281,48.952,54.5885,1.03526,10.1142,0.525917,10.1161,0.526015,16.8957,0.249048,9.091,0.509931
56,55.7839,48.3062,0.509572,48.5759,55.9647,1.07021,48.5566,55.9359,1.07017,65.7673,34.4587,0.255974,49.3121,55.2185,1.05977,10.5171,0.560636,10.5094,0.560595,17.0711,0.253598,9.4692,0.550199
56.5,56.2245,48.5524,0.51508,48.8941,56.5295,1.03304,48.8769,56.4993,1.03292,66.3939,34.6321,0.299304,49.6431,55.7755,1.02093,10.8337,0.517957,10.8232,0.51784,17.2392,0.215776,9.77183,0.505846
57,56.7007,48.8219,0.550247,49.2399,57.1035,0.986844,49.2264,57.0705,0.986642,67.0322,34.8384,0.346597,50.0037,56.3393,0.977243,11.1467,0.436597,11.1313,0.436395,17.3862,0.203649,10.0678,0.426996
57.5,57.3282,49.2069,0.559996,49.5752,57.6319,1.02998,49.562,57.5989,1.02987,67.6274,35.0403,0.288785,50.3449,56.8643,1.01244,11.4494,0.469988,11.4342,0.469871,17.5147,0.271211,10.3635,0.45244
58,57.8749,49.5496,0.605942,49.9402,58.2335,0.954287,49.9334,58.1956,0.953979,68.2961,35.2568,0.374131,50.7341,57.449,0.946125,11.763,0.348345,11.7397,0.348037,17.6886,0.231811,10.6485,0.340183
58.5,58.3298,49.8648,0.602417,50.2997,58.7195,0.941929,50.2915,58.683,0.941662,68.8612,35.4809,0.384377,51.096,57.9333,0.93339,11.9536,0.339511,11.9321,0.339244,17.8272,0.21804,10.8364,0.330972
59,58.9441,50.2873,0.534056,50.6549,59.1997,0.960021,50.6448,59.1651,0.959828,69.4203,35.7017,0.354102,51.4535,58.4123,0.942318,12.1713,0.425965,12.1529,0.425772,17.958,0.179954,11.0511,0.408261
59.5,59.5487,50.6448,0.619226,51.0112,59.7123,0.970593,51.0012,59.6777,0.970408,70.0096,35.9169,0.346115,51.8187,58.9185,0.950823,12.4543,0.351367,12.436,0.351182,18.0649,0.273111,11.3228,0.331597
60,60.1293,51.0586,0.737589,51.3606,60.1815,0.945931,51.3477,60.1496,0.945774,70.5617,36.1225,0.376674,52.1763,59.3818,0.930819,12.6537,0.208342,12.6397,0.208185,18.2188,0.360916,11.512,0.19323
60.5,60.6298,51.5134,0.655199,51.7528,60.7231,0.905773,51.7435,60.6885,0.905534,71.1837,36.3725,0.41812,52.5859,59.9094,0.907502,12.7914,0.250573,12.773,0.250334,18.4562,0.23708,11.6274,0.252303
61,61.069,51.8509,0.624101,52.1363,61.1956,0.89941,52.126,61.162,0.8992,71.7431,36.6201,0.410954,52.9699,60.3809,0.90045,12.9273,0.275309,12.9102,0.275099,18.5988,0.213147,11.7625,0.276349
61.5,61.6357,52.259,0.639928,52.5342,61.697,0.893753,52.5253,61.6623,0.893524,72.3343,36.8732,0.403581,53.3715,60.8786,0.896986,13.1115,0.253824,13.0929,0.253595,18.7399,0.236348,11.9413,0.257058
62,62.0968,52.6022,0.553376,52.8707,62.1369,0.954046,52.8571,62.1076,0.953892,72.8563,37.0749,0.274136,53.7121,61.3159,0.91699,13.2676,0.40067,13.256,0.400516,18.8909,0.27924,12.0926,0.363613
62.5,62.5806,52.9012,0.539282,53.1839,62.5895,0.992225,53.1651,62.565,0.992205,73.3919,37.2241,0.285052,54.0441,61.7549,0.93175,13.4968,0.452944,13.4923,0.452924,19.0434,0.254229,12.2988,0.392468
63,63.0107,53.1585,0.542457,53.5166,63.123,1.0121,53.4981,63.0983,1.01208,73.9976,37.403,0.296676,54.3983,62.2728,0.952206,13.7633,0.469644,13.7582,0.469624,19.208,0.24578,12.5396,0.409749
63.5,63.486,53.445,0.541128,53.8293,63.6437,1.04283,53.8095,63.6199,1.04285,74.5827,37.5769,0.276778,54.7201,62.7877,0.979888,14.0451,0.501699,14.0415,0.501718,19.3633,0.26435,12.8112,0.43876
64,63.9442,53.7204,0.458715,54.117,64.1434,1.08242,54.0939,64.1224,1.08251,75.1445,37.7274,0.241456,54.9924,63.3009,1.02222,14.3253,0.62371,14.3259,0.623794,19.525,0.217259,13.1119,0.563503
64.5,64.4454,53.9679,0.48687,54.4033,64.6544,1.0651,54.3776,64.6356,1.0652,75.7179,37.8697,0.264307,55.309,63.7927,1.02049,14.6644,0.578234,14.6683,0.578327,19.6525,0.222563,13.4164,0.533621
65,64.9843,54.2532,0.452205,54.7048,65.242,1.12953,54.6816,65.2215,1.12963,76.3597,38.0299,0.190487,55.5666,64.4113,1.1098,15.0473,0.677326,15.0483,0.677426,19.814,0.261718,13.8521,0.657599
65.5,65.4692,54.4887,0.397945,54.9608,65.7985,1.16397,54.9368,65.7788,1.16407,76.9659,38.1395,0.163051,55.8145,64.974,1.14862,15.4381,0.766028,15.4401,0.766129,19.9868,0.234895,14.2532,0.750672
66,66.0082,54.7153,0.352195,55.188,66.3258,1.19048,55.1608,66.3088,1.19063,77.5407,38.2227,0.139768,56.042,65.5029,1.17553,15.8707,0.838287,15.8769,0.838433,20.1248,0.212427,14.6866,0.823331
66.5,66.6152,54.9384,0.328044,55.4262,66.9307,1.20313,55.4006,66.9127,1.20323,78.1853,38.3141,0.126803,56.2902,66.1036,1.19013,16.4015,0.875082,16.4058,0.87519,20.2542,0.20124,15.2075,0.862087
67,67.217,55.1432,0.333528,55.6638,67.5629,1.21749,55.6415,67.5424,1.21755,78.8535,38.4037,0.111785,56.5392,66.7306,1.20532,16.9625,0.883966,16.9627,0.884025,20.3867,0.221743,15.757,0.871794
67.5,67.8024,55.346,0.309146,55.8818,68.2124,1.28729,55.8634,68.189,1.28733,79.5317,38.4749,0.0391155,56.7682,67.3753,1.27701,17.5398,0.978139,17.5351,0.978179,20.5478,0.270031,16.3235,0.967868
68,68.4717,55.5598,0.346438,56.0616,68.7787,1.23861,56.0414,68.7569,1.23862,80.1319,38.5025,0.0959747,56.9535,67.9407,1.22349,18.1314,0.892167,18.1295,0.892178,20.6619,0.250463,16.9102,0.87705
68.5,69.0636,55.7735,0.338831,56.2831,69.4521,1.27132,56.2684,69.4261,1.27129,80.8321,38.5763,0.05607,57.19,68.6071,1.26041,18.7202,0.932492,18.7113,0.93246,20.8385,0.282761,17.4839,0.921577
69,69.7474,56.0145,0.300522,56.4708,70.0731,1.2878,56.4578,70.0461,1.28774,81.48,38.6145,0.0432425,57.3865,69.2251,1.27536,19.3369,0.98728,19.3261,0.987218,20.986,0.25728,18.0918,0.974835
69.5,70.2279,56.1634,0.305195,56.6516,70.6568,1.25078,56.6379,70.6306,1.2507,82.0948,38.6459,0.0847016,57.5744,69.8071,1.23552,19.8589,0.945581,19.8492,0.9455,21.1586,0.220494,18.6081,0.930329
70,70.8165,56.3488,0.276138,56.8336,71.2472,1.31563,56.8195,71.2214,1.31561,82.7148,38.6835,0.0138337,57.7649,70.3953,1.30382,20.4324,1.0395,20.4232,1.03948,21.2986,0.262304,19.1742,1.02769
70.5,71.3838,56.5096,0.290714,56.9715,71.7697,1.31305,56.952,71.7483,1.31309,83.2672,38.6732,0.0220702,57.9043,70.92,1.29875,20.9902,1.02234,20.988,1.02238,21.4325,0.268644,19.7321,1.00803
71,71.9716,56.6854,0.225425,57.1189,72.3223,1.30572,57.096,72.3035,1.30579,83.8469,38.6756,0.0309997,58.0566,71.4729,1.2905,21.5665,1.08029,21.5686,1.08036,21.5726,0.194425,20.3051,1.06508
71.5,72.6588,56.843,0.170609,57.2664,72.9001,1.35966,57.2419,72.8827,1.35978,84.4493,38.6776,-0.0276047,58.2116,72.0496,1.34738,22.2432,1.18905,22.2476,1.18917,21.6564,0.198214,20.9753,1.17677
72,73.1602,56.9294,0.181124,57.3838,73.458,1.35851,57.356,73.4433,1.35866,85.0272,38.648,-0.0230506,58.3331,72.6085,1.34449,22.8493,1.17738,22.8579,1.17753,21.7953,0.204174,21.5795,1.16336
72.5,73.7923,57.0452,0.204976,57.4941,74.0078,1.3853,57.4623,73.9961,1.38551,85.5964,38.6137,-0.0497563,58.448,73.1593,1.37178,23.5237,1.18032,23.5372,1.18053,21.8874,0.254733,22.2511,1.16681
73,74.4295,57.1776,0.209016,57.6274,74.6458,1.32809,57.5971,74.6331,1.32823,86.2471,38.5986,0.00824217,58.5908,73.7949,1.3119,24.2373,1.11907,24.2492,1.11922,22.019,0.200774,22.9564,1.10288
73.5,74.9242,57.2826,0.153114,57.7842,75.3033,1.36773,57.7569,75.2885,1.36789,86.921,38.6063,-0.0386991,58.7601,74.4485,1.35649,24.8702,1.21462,24.8782,1.21477,22.1975,0.191813,23.5785,1.20338
74,75.5513,57.3793,0.129968,57.9104,75.9533,1.41266,57.8854,75.9369,1.41279,87.5812,38.5815,-0.0826116,58.8959,75.096,1.4016,25.6163,1.28269,25.6217,1.28282,22.3176,0.212579,24.3163,1.27163
74.5,76.1098,57.4523,0.130676,58.0283,76.6102,1.38111,58.006,76.5921,1.38117,88.2462,38.5457,-0.0473044,59.024,75.75,1.36656,26.3432,1.25044,26.3454,1.2505,22.4667,0.177981,25.0346,1.23588
75,76.6625,57.525,0.146546,58.1447,77.2363,1.40422,58.1231,77.2177,1.4043,88.8833,38.5136,-0.0717688,59.1498,76.3743,1.3915,27.0452,1.25768,27.0465,1.25775,22.6005,0.218315,25.7292,1.24496
75.5,77.1829,57.6018,0.223931,58.2377,77.809,1.40928,58.2133,77.7925,1.40939,89.4687,38.4586,-0.0741014,59.2483,76.9475,1.39552,27.6993,1.18535,27.7039,1.18546,22.7465,0.298032,26.38,1.17159
76,77.6785,57.7147,0.196253,58.3338,78.3954,1.3987,58.3076,78.3804,1.39882,90.0666,38.4078,-0.0623819,59.3511,77.5337,1.384,28.318,1.20245,28.3249,1.20257,22.9395,0.258635,26.9943,1.18775
76.5,78.2131,57.821,0.106306,58.4154,78.9604,1.46663,58.386,78.9477,1.46683,90.6428,38.3446,-0.133325,59.4391,78.0993,1.45508,28.9625,1.36032,28.9733,1.36052,23.1047,0.239632,27.6346,1.34878
77,78.7334,57.8765,0.127976,58.4722,79.5403,1.45976,58.4402,79.5295,1.45997,91.2258,38.2543,-0.12357,59.5009,78.68,1.44599,29.662,1.33179,29.676,1.33199,23.2613,0.251546,28.3315,1.31802
77.5,79.2672,57.9452,0.0830081,58.5443,80.1861,1.48376,58.5138,80.1744,1.48396,91.8711,38.177,-0.151178,59.5832,79.3242,1.47145,30.399,1.40075,30.4112,1.40095,23.4444,0.234186,29.0607,1.38844
78,79.8396,57.9928,0.0820561,58.5956,80.8149,1.50961,58.5655,80.803,1.5098,92.4961,38.079,-0.176596,59.6428,79.9524,1.49744,31.1794,1.42755,31.1913,1.42774,23.5955,0.258652,29.8351,1.41539
78.5,80.3557,58.0352,0.0783481,58.6373,81.4364,1.49726,58.607,81.4247,1.49744,93.1125,37.9711,-0.162099,59.6923,80.5736,1.48319,31.9265,1.41892,31.9386,1.41909,23.7762,0.240447,30.577,1.40484
79,80.9547,58.0823,0.0507,58.668,82.0173,1.52644,58.6351,82.0075,1.52666,93.6906,37.8564,-0.191089,59.7297,81.1554,1.51363,32.7045,1.47574,32.7197,1.47596,23.9016,0.241789,31.3508,1.46293
79.5,81.4714,58.1085,0.00834878,58.6854,82.6103,1.54697,58.6506,82.6017,1.54722,94.2762,37.7279,-0.211477,59.7539,81.749,1.53428,33.4595,1.53862,33.477,1.53887,24.0694,0.219825,32.1018,1.52593
80,82.0104,58.113,0.0183698,58.7061,83.2478,1.53852,58.672,83.2389,1.53874,94.902,37.6,-0.20347,59.7832,82.3861,1.5246,34.2761,1.52015,34.2927,1.52037,24.2276,0.221839,32.9125,1.50623
80.5,82.7352,58.1263,0.0336957,58.7212,83.8383,1.53066,58.6851,83.8307,1.5309,95.4847,37.4689,-0.193907,59.8055,82.9773,1.51614,35.182,1.49696,35.2012,1.49721,24.275,0.227602,33.8134,1.48245
81,83.4501,58.1504,0.109036,58.767,84.4995,1.4758,58.7329,84.4907,1.47599,96.1373,37.3642,-0.139737,59.8614,83.6371,1.45942,36.1044,1.36676,36.1213,1.36696,24.3522,0.248773,34.7275,1.35038
81.5,83.9603,58.2063,0.0343564,58.8015,85.0685,1.53384,58.7641,85.0618,1.53411,96.705,37.2561,-0.19952,59.9033,84.2073,1.52145,36.8042,1.49948,36.8249,1.49976,24.5221,0.233876,35.4231,1.48709
82,84.6157,58.2288,-0.0300881,58.809,85.6321,1.54774,58.7681,85.6279,1.54805,97.2617,37.1195,-0.211275,59.9162,84.7723,1.53472,37.6421,1.57783,37.6671,1.57814,24.6074,0.181187,36.2577,1.56481
82.5,85.3382,58.207,0.0366161,58.8326,86.3062,1.56772,58.7944,86.3001,1.56801,97.9215,36.9919,-0.235772,59.9504,85.445,1.55548,38.6278,1.53111,38.6497,1.53139,24.6661,0.272388,37.235,1.51886
83,85.9924,58.231,0.000419735,58.8295,86.923,1.58732,58.7908,86.9173,1.58761,98.5229,36.8409,-0.253492,59.9549,86.0622,1.57488,39.5101,1.5869,39.5327,1.58719,24.7901,0.253912,38.112,1.57446
83.5,86.6384,58.2313,-0.00424646,58.8255,87.5727,1.58931,58.788,87.5662,1.58957,99.1538,36.6872,-0.255429,59.9599,86.7116,1.57602,40.4287,1.59355,40.4498,1.59382,24.9155,0.251183,39.024,1.58026
84,87.3108,58.2284,0.00698527,58.8073,88.1688,1.59791,58.7681,88.1634,1.5982,99.7333,36.5232,-0.262318,59.949,87.3086,1.58454,41.3386,1.59093,41.3618,1.59121,25.0086,0.269303,39.929,1.57756
84.5,88.0329,58.2335,0.0255819,58.7997,88.8109,1.57567,58.7613,88.805,1.57593,100.357,36.3671,-0.240209,59.9502,87.9507,1.56094,42.3033,1.55009,42.3255,1.55035,25.1,0.265791,40.8871,1.53536
85,88.7825,58.2526,0.0989581,58.7952,89.3797,1.53546,58.7536,89.3759,1.53574,100.915,36.2178,-0.196302,59.9528,88.5203,1.51875,43.2219,1.4365,43.248,1.43678,25.1541,0.29526,41.8005,1.41979
85.5,89.4467,58.3186,0.185071,58.8351,89.9794,1.41852,58.7919,89.9766,1.41878,101.51,36.113,-0.0756571,60.0005,89.1199,1.39736,44.0395,1.23345,44.0675,1.23371,25.2708,0.260728,42.6122,1.21229
86,90.0081,58.4237,0.201186,58.9414,90.6221,1.39538,58.8995,90.6185,1.39566,102.161,36.0716,-0.0606468,60.1193,89.7601,1.37979,44.7423,1.19419,44.7689,1.19447,25.4421,0.261833,43.3049,1.1786
86.5,90.615,58.5475,0.216767,59.0428,91.1756,1.37517,58.9974,91.1742,1.37549,102.729,36.029,-0.0379753,60.2283,90.3128,1.35867,45.4026,1.15841,45.4332,1.15873,25.57,0.254742,43.959,1.1419
87,91.252,58.6877,0.251276,59.1765,91.7809,1.30853,59.1307,91.7799,1.30884,103.351,36.0162,0.0296267,60.3711,90.9163,1.29102,46.0868,1.05725,46.118,1.05756,25.6978,0.22165,44.6353,1.03974
87.5,91.883,58.8497,0.249834,59.3388,92.3747,1.30173,59.2923,92.374,1.30207,103.969,36.0332,0.0316123,60.5431,91.5074,1.2866,46.7231,1.0519,46.755,1.05224,25.8199,0.218222,45.2627,1.03677
88,92.419,58.9865,0.26145,59.5023,92.9618,1.30194,59.4549,92.9618,1.30229,104.582,36.05,0.0297623,60.7152,92.0924,1.28752,47.3057,1.04049,47.3387,1.04084,25.9618,0.231688,45.8382,1.02607
88.5,93.0374,59.152,0.279102,59.6493,93.4789,1.30121,59.5972,93.4818,1.30161,105.126,36.0573,0.0334293,60.8686,92.6085,1.2849,47.8864,1.02211,47.9248,1.02251,26.0671,0.245672,46.4131,1.0058
89,93.7001,59.3419,0.213184,59.7812,93.9943,1.37694,59.7244,94,1.37743,105.666,36.0513,-0.0469677,61.0076,93.1228,1.36205,48.4901,1.16376,48.5339,1.16424,26.1845,0.260152,47.0101,1.14887
89.5,94.3329,59.4789,0.232408,59.887,94.528,1.3475,59.8261,94.5362,1.348,106.215,36.0171,-0.0117389,61.1204,93.6561,1.33022,49.1423,1.11509,49.1908,1.11559,26.299,0.244147,47.6566,1.09782
90,94.9336,59.621,0.311607,60.0515,95.1753,1.25622,59.9922,95.1826,1.25666,106.882,36.0308,0.0801893,61.2958,94.3004,1.2392,49.8083,0.944612,49.855,0.945054,26.4436,0.231418,48.3132,0.927592
90.5,95.5347,59.8146,0.311226,60.2335,95.7245,1.25823,60.1718,95.7332,1.25871,107.463,36.0733,0.0747227,61.4864,94.8471,1.24189,50.3556,0.947002,50.4051,0.947488,26.5695,0.236503,48.8524,0.930662
91,96.1947,60.027,0.28213,60.4225,96.307,1.26264,60.36,96.3162,1.26315,108.077,36.1163,0.066838,61.6844,95.4267,1.24793,50.9499,0.98051,51.0003,0.981015,26.7003,0.215292,49.4378,0.965801
91.5,96.7631,60.1917,0.217435,60.5913,96.8466,1.29135,60.5259,96.8575,1.2919,108.646,36.1446,0.0376695,61.8602,95.9647,1.27585,51.4974,1.07392,51.5512,1.07446,26.823,0.179766,49.9791,1.05842
92,97.3646,60.3246,0.223645,60.7411,97.4108,1.3574,60.6737,97.423,1.35799,109.235,36.15,-0.0311654,62.0172,96.5273,1.34381,52.1216,1.13376,52.1777,1.13434,26.9316,0.25481,50.5971,1.12017
92.5,98.0219,60.4741,0.212996,60.8806,98.0361,1.34693,60.8136,98.048,1.34748,109.877,36.1343,-0.017186,62.1656,97.1505,1.33322,52.824,1.13394,52.8796,1.13449,27.0733,0.230182,51.2916,1.12022
93,98.6923,60.6191,0.178919,61.0143,98.6764,1.40967,60.9482,98.6877,1.41023,110.532,36.1138,-0.0844457,62.3075,97.7891,1.39889,53.5537,1.23075,53.6082,1.23131,27.2157,0.263365,52.0141,1.21997
93.5,99.2194,60.7144,0.223444,61.1465,99.388,1.3855,61.0844,99.3969,1.38598,111.253,36.0772,-0.0564443,62.4491,98.4982,1.37252,54.2697,1.16205,54.3196,1.16254,27.4192,0.279888,52.7226,1.14907
94,99.9479,60.88,0.187104,61.2755,99.9981,1.33967,61.2133,100.007,1.34014,111.88,36.0511,-0.00651018,62.587,99.1061,1.32451,55.0071,1.15257,55.0573,1.15304,27.5473,0.193614,53.4516,1.13741
94.5,100.538,60.9917,0.168031,61.3853,100.564,1.43614,61.3206,100.575,1.43669,112.46,36.0212,-0.110043,62.7048,99.6713,1.42401,55.668,1.26811,55.721,1.26866,27.6705,0.278074,54.1062,1.25598
95,101.262,61.1145,0.151293,61.4935,101.256,1.40937,61.4319,101.265,1.40984,113.157,35.9655,-0.0794286,62.8221,100.361,1.3958,56.5055,1.25807,56.5551,1.25855,27.82,0.230722,54.9358,1.2445
95.5,101.779,61.1933,0.154251,61.5773,101.808,1.41977,61.5123,101.818,1.42028,113.718,35.9069,-0.0867616,62.9133,100.912,1.40531,57.1462,1.26552,57.1994,1.26603,27.9632,0.241013,55.5709,1.25106
96,102.48,61.3024,0.151922,61.6855,102.457,1.39248,61.6218,102.467,1.39297,114.376,35.8603,-0.0606471,63.0306,101.561,1.37818,57.948,1.24056,57.9998,1.24104,28.0856,0.212569,56.3649,1.22626
96.5,103.208,61.4137,0.0892756,61.7858,103.081,1.44955,61.722,103.09,1.45006,115.007,35.8106,-0.122219,63.1393,102.183,1.43815,58.7529,1.36027,58.8047,1.36079,28.1912,0.211495,57.1626,1.34888
97,103.841,61.4704,0.0579365,61.8441,103.634,1.46337,61.7771,103.646,1.46391,115.563,35.7254,-0.131268,63.2042,102.736,1.45015,59.5107,1.40544,59.5662,1.40598,28.2882,0.189204,57.9153,1.39222
97.5,104.372,61.5013,0.129193,61.9238,104.277,1.42791,61.8575,104.289,1.42842,116.208,35.6516,-0.0949837,63.2922,103.378,1.41312,60.2635,1.29872,60.3181,1.29923,28.4305,0.224177,58.6622,1.28392
98,105.033,61.5871,0.149106,62.0475,104.971,1.35899,61.9843,104.981,1.35945,116.911,35.6118,-0.0269078,63.4256,104.07,1.34391,61.0734,1.20988,61.1244,1.21034,28.5624,0.176013,59.4638,1.19481
98.5,105.681,61.6845,0.18766,62.1742,105.54,1.34635,62.109,105.551,1.34684,117.498,35.5932,-0.0129332,63.5612,104.636,1.3308,61.7754,1.15869,61.8288,1.15918,28.6425,0.200593,60.1581,1.14314
99,106.197,61.7825,0.170048,62.3147,106.173,1.37024,62.2503,106.183,1.37074,118.149,35.5809,-0.0430597,63.7109,105.268,1.35776,62.4199,1.20019,62.4723,1.20069,28.7984,0.213108,60.7953,1.18771
99.5,106.712,61.8707,0.163958,62.4549,106.849,1.36929,62.3931,106.857,1.36975,118.838,35.5591,-0.0418829,63.8594,105.941,1.35723,63.1004,1.20533,63.1498,1.20579,28.9716,0.205841,61.4694,1.19328
100,107.253,61.9604,0.0451743,62.542,107.556,1.58998,62.4837,107.563,1.59049,119.543,35.4936,-0.275577,63.9516,106.649,1.58488,63.86,1.5448,63.9056,1.54532,29.1811,0.320751,62.2266,1.53971
100.5,107.793,61.9848,0.0387646,62.5367,108.184,1.57343,62.4782,108.191,1.57388,120.152,35.3291,-0.243836,63.9516,107.277,1.56076,64.6723,1.53467,64.7178,1.53511,29.3818,0.282601,63.0351,1.522
101,108.305,62.0046,0.092847,62.5613,108.866,1.50957,62.5053,108.871,1.50996,120.819,35.1941,-0.17618,63.9843,107.958,1.49347,65.486,1.41673,65.5288,1.41711,29.5876,0.269027,63.8438,1.40063
101.5,108.832,62.0538,0.026111,62.5947,109.508,1.54574,62.5393,109.513,1.54615,121.453,35.0775,-0.215744,64.0269,108.6,1.53376,66.2559,1.51963,66.2979,1.52004,29.7824,0.241855,64.6074,1.50765
102,109.442,62.0697,0.0497559,62.611,110.153,1.56234,62.5564,110.158,1.56274,122.085,34.9414,-0.231435,64.0509,109.246,1.55,67.1207,1.51258,67.1619,1.51298,29.9295,0.281191,65.4671,1.50024
102.5,110.093,62.1021,0.0615785,62.6233,110.783,1.54149,62.5688,110.788,1.54187,122.702,34.8019,-0.208139,64.071,109.876,1.52719,67.9944,1.47991,68.0355,1.48029,30.0712,0.269717,66.335,1.46561
103,110.72,62.1408,0.0560577,62.6378,111.373,1.53986,62.5814,111.378,1.54026,123.282,34.6704,-0.205328,64.0946,110.465,1.52547,68.8166,1.48381,68.8596,1.48421,30.2062,0.261386,67.1502,1.46941
103.5,111.343,62.1757,0.0531526,62.6605,111.99,1.52275,62.6035,111.995,1.52315,123.889,34.5448,-0.188374,64.126,111.081,1.50798,69.6523,1.46959,69.696,1.47,30.3458,0.241526,67.9795,1.45483
104,111.995,62.2104,0.0878351,62.6959,112.598,1.49058,62.638,112.604,1.49098,124.491,34.4321,-0.155213,64.1705,111.689,1.47486,70.4929,1.40275,70.5376,1.40315,30.4598,0.243048,68.8131,1.38702
104.5,112.639,62.2672,0.128676,62.7624,113.263,1.45034,62.7063,113.268,1.45072,125.154,34.344,-0.117542,64.2457,112.353,1.43535,71.3322,1.32166,71.3749,1.32205,30.5993,0.246217,69.6457,1.30668
105,113.288,62.351,0.154472,62.845,113.831,1.39232,62.7863,113.838,1.39271,125.73,34.2792,-0.0548384,64.3382,112.919,1.37476,72.0741,1.23785,72.1196,1.23824,30.7059,0.20931,70.379,1.22029
105.5,113.842,62.4374,0.230272,62.977,114.525,1.35902,62.9219,114.529,1.35939,126.435,34.2529,-0.0300456,64.4792,113.612,1.34616,72.8039,1.12875,72.8455,1.12912,30.8697,0.260318,71.1021,1.11589
106,114.359,62.5586,0.254851,63.1413,115.203,1.28099,63.0896,115.206,1.28131,127.133,34.2526,0.0504528,64.6511,114.288,1.2678,73.4488,1.02613,73.4867,1.02646,31.0548,0.204398,71.741,1.01295
106.5,114.851,62.6868,0.26849,63.3302,115.818,1.25808,63.2792,115.82,1.25841,127.777,34.2882,0.0706888,64.8477,114.9,1.24586,74.0091,0.98959,74.0462,0.989919,31.202,0.197801,72.295,0.977367
107,115.418,62.8428,0.266488,63.5188,116.452,1.29991,63.4694,116.453,1.30025,128.439,34.3233,0.0189166,65.0423,115.532,1.28712,74.6159,1.03342,74.6512,1.03376,31.3514,0.247571,72.8967,1.02063
107.5,115.977,62.9953,0.237533,63.6763,117.072,1.34906,63.6275,117.073,1.34941,129.081,34.3262,-0.0262748,65.2056,116.151,1.33633,75.2307,1.11153,75.2654,1.11187,31.5219,0.263808,73.5069,1.0988
108,116.49,63.1196,0.209039,63.8164,117.684,1.34508,63.7676,117.685,1.34541,129.711,34.3107,-0.0176457,65.3538,116.761,1.33174,75.841,1.13604,75.8757,1.13637,31.6978,0.226685,74.1106,1.1227
108.5,117.205,63.2713,0.167923,63.9582,118.356,1.37673,63.9123,118.355,1.37704,130.397,34.2946,-0.0529859,65.5017,117.432,1.36577,76.6129,1.20881,76.6445,1.20912,31.8381,0.220909,74.8774,1.19785
109,117.924,63.3932,0.152212,64.0738,119.023,1.42537,64.0303,119.021,1.42566,131.073,34.2533,-0.100798,65.6221,118.099,1.41465,77.4247,1.27316,77.4537,1.27345,31.9689,0.25301,75.6852,1.26244
109.5,118.44,63.4723,0.0750188,64.1397,119.589,1.50091,64.0933,119.589,1.50124,131.643,34.1735,-0.173873,65.6953,118.664,1.48983,78.0876,1.42589,78.1198,1.42622,32.136,0.248892,76.3424,1.41481
110,118.975,63.5125,0.0646059,64.1761,120.159,1.51289,64.1269,120.16,1.51323,132.209,34.0614,-0.181342,65.7402,119.233,1.49997,78.8145,1.44829,78.8497,1.44863,32.2881,0.245948,77.0626,1.43536
110.5,119.498,63.5463,0.175471,64.2222,120.755,1.44772,64.1713,120.757,1.44804,132.802,33.9595,-0.11138,65.7947,119.828,1.43105,79.5501,1.27224,79.5869,1.27257,32.4402,0.28685,77.7921,1.25558
111,120.005,63.6362,0.182261,64.307,121.354,1.39966,64.255,121.357,1.39998,133.407,33.8974,-0.0630381,65.8898,120.425,1.38273,80.2101,1.2174,80.2481,1.21772,32.6193,0.245299,78.4441,1.20047
111.5,120.565,63.7395,0.209519,64.4118,121.976,1.41574,64.3599,121.978,1.41608,134.038,33.853,-0.0864723,66.0042,121.045,1.40226,80.8991,1.20622,80.937,1.20656,32.783,0.295991,79.1256,1.19274
112,121.088,63.8506,0.192943,64.5072,122.609,1.43459,64.4559,122.611,1.43493,134.678,33.7948,-0.106606,66.1073,121.678,1.42215,81.5718,1.24165,81.609,1.24199,32.9854,0.299548,79.7926,1.2292
112.5,121.663,63.963,0.173371,64.5995,123.227,1.40697,64.5481,123.229,1.4073,135.302,33.7333,-0.0756921,66.2077,122.294,1.3928,82.2708,1.2336,82.3082,1.23393,33.1642,0.249063,80.4851,1.21943
113,122.358,64.0847,0.199238,64.7148,123.865,1.36491,64.6643,123.867,1.36522,135.951,33.6937,-0.0331126,66.3311,122.931,1.35058,83.0446,1.16567,83.081,1.16598,33.2923,0.23235,81.252,1.15134
113.5,122.91,64.196,0.134448,64.8293,124.42,1.396,64.7758,124.423,1.39636,136.522,33.6645,-0.0664141,66.4558,123.484,1.38126,83.6674,1.26156,83.707,1.26191,33.4288,0.200862,81.866,1.24681
114,123.486,64.2741,0.184617,64.9439,125.059,1.38623,64.8914,125.062,1.38657,137.172,33.6243,-0.0573946,66.5786,124.121,1.37286,84.3922,1.20161,84.4307,1.20195,33.5663,0.242011,82.5846,1.18825
114.5,124.153,64.3986,0.230882,65.0733,125.694,1.33941,65.0217,125.696,1.33972,137.821,33.5973,-0.00832089,66.716,124.755,1.32542,85.1326,1.10853,85.1701,1.10884,33.6974,0.239203,83.318,1.09454
115,124.845,64.5612,0.293634,65.2225,126.3,1.31898,65.1707,126.302,1.3193,138.447,33.5949,0.0110752,66.8738,125.358,1.30527,85.8281,1.02535,85.8659,1.02567,33.8221,0.282559,84.0054,1.01163
115.5,125.496,64.7581,0.309352,65.3905,126.912,1.27563,65.3391,126.914,1.27594,139.085,33.6095,0.055198,67.0503,125.968,1.26262,86.4627,0.966278,86.5002,0.966588,33.9835,0.254154,84.632,0.953267
116,126.136,64.9625,0.292809,65.5661,127.483,1.29121,65.5132,127.486,1.29155,139.685,33.6385,0.0338084,67.2346,126.537,1.27644,87.049,0.9984,87.0881,0.998737,34.1288,0.259001,85.2099,0.983632
116.5,126.642,65.115,0.380526,65.7398,128.009,1.24859,65.6834,128.014,1.24894,140.242,33.6666,0.083045,67.4212,127.058,1.23213,87.5482,0.868059,87.5911,0.86841,34.2634,0.297481,85.6971,0.851608
117,127.117,65.3052,0.493578,65.9563,128.629,1.18269,65.9011,128.633,1.18301,140.897,33.7303,0.150072,67.6475,127.674,1.17428,88.037,0.689107,88.0784,0.689434,34.4509,0.343506,86.177,0.680706
117.5,127.739,65.6397,0.448481,66.2125,129.252,1.1379,66.1594,129.255,1.1382,141.565,33.8316,0.190943,67.9065,128.295,1.14237,88.4984,0.689414,88.5376,0.689721,34.6831,0.257538,86.6348,0.693884
118,128.231,65.8765,0.444634,66.4701,129.803,1.14805,66.4162,129.806,1.14838,142.167,33.9375,0.131334,68.165,128.846,1.1442,88.8872,0.70342,88.9275,0.703743,34.8469,0.313299,87.023,0.699564
118.5,128.863,66.1776,0.390637,66.7472,130.414,1.1222,66.6954,130.417,1.12251,142.835,34.027,0.171579,68.4388,129.458,1.13322,89.3572,0.731567,89.3951,0.731869,35.0555,0.219058,87.4955,0.742582
119,129.524,66.4498,0.348846,67.0095,131,1.14649,66.9585,131.003,1.14677,143.474,34.12,0.103204,68.7009,130.044,1.14365,89.8599,0.79764,89.8972,0.797925,35.211,0.245641,87.9978,0.794806
119.5,130.16,66.6811,0.264814,67.1995,131.542,1.23101,67.1462,131.547,1.23132,144.049,34.1717,0.0461822,68.9255,130.571,1.17577,90.3936,0.966199,90.4342,0.966508,35.3519,0.218632,88.4962,0.91096
120,130.77,66.8466,0.17895,67.3167,132.145,1.34061,67.262,132.15,1.34098,144.655,34.1866,-0.0229077,69.0762,131.162,1.25409,91.0502,1.16166,91.0922,1.16203,35.4889,0.201857,89.1215,1.07514
120.5,131.331,66.9481,0.188726,67.435,132.722,1.37788,67.3782,132.728,1.37825,145.246,34.1651,-0.053887,69.1767,131.752,1.32898,91.7001,1.18915,91.744,1.18952,35.6138,0.242613,89.7928,1.14026
121,132.033,67.0821,0.189199,67.5603,133.281,1.35534,67.5012,133.289,1.35572,145.824,34.1349,-0.0260547,69.3404,132.3,1.31858,92.407,1.16614,92.4535,1.16652,35.7171,0.215253,90.4639,1.12938
121.5,132.745,67.2185,0.294856,67.7059,133.864,1.3006,67.6455,133.872,1.30097,146.429,34.1282,0.0325687,69.5266,132.871,1.27133,93.1221,1.00574,93.17,1.00611,35.8079,0.262287,91.1416,0.97647
122,133.382,67.4118,0.253564,67.8605,134.438,1.34563,67.7987,134.446,1.34603,147.027,34.1368,-0.0234953,69.6899,133.442,1.32592,93.731,1.09207,93.7804,1.09247,35.964,0.277059,91.7421,1.07236
122.5,133.925,67.5526,0.347983,68.0064,134.983,1.29162,67.9417,134.993,1.29202,147.595,34.1319,0.0385728,69.8551,133.981,1.27088,94.2976,0.943639,94.35,0.944042,36.1085,0.30941,92.2912,0.922893
123,134.477,67.7529,0.363787,68.1952,135.599,1.22283,68.1311,135.609,1.22321,148.24,34.1684,0.109824,70.0574,134.593,1.20835,94.8493,0.859042,94.9011,0.859426,36.2954,0.253963,92.8306,0.844565
123.5,135.015,67.9578,0.359195,68.4226,136.231,1.19106,68.3602,136.24,1.19143,148.909,34.241,0.132863,70.2914,135.222,1.18456,95.3717,0.831862,95.4216,0.832236,36.4674,0.226332,93.3468,0.825361
124,135.549,68.1583,0.327724,68.6556,136.883,1.2191,68.596,136.891,1.21948,149.6,34.3134,0.0784749,70.5269,135.874,1.2054,95.9054,0.89138,95.9524,0.891754,36.6456,0.249249,93.8789,0.877676
124.5,136.253,68.3975,0.339638,68.8689,137.48,1.23179,68.8095,137.488,1.23216,150.235,34.3618,0.0796084,70.7479,136.468,1.21559,96.5041,0.892148,96.551,0.892519,36.7958,0.26003,94.4693,0.875955
125,136.755,68.5749,0.349215,69.0752,138.047,1.23374,69.0147,138.056,1.23411,150.84,34.4109,0.0825343,70.9656,137.03,1.21613,96.9896,0.884524,97.0376,0.8849,36.9535,0.266681,94.9441,0.866916
125.5,137.423,68.8182,0.359703,69.2791,138.568,1.22266,69.2156,138.577,1.22305,151.4,34.4636,0.0982817,71.1862,137.544,1.2032,97.5117,0.862956,97.563,0.863349,37.0889,0.261421,95.4488,0.843495
126,138.101,69.0733,0.406158,69.4998,139.16,1.20127,69.4364,139.17,1.20165,152.031,34.5279,0.118732,71.4209,138.13,1.1882,98.073,0.795108,98.1242,0.795494,37.2482,0.287426,95.9955,0.78204
126.5,138.715,69.3374,0.397166,69.7398,139.807,1.18455,69.6789,139.815,1.18492,152.718,34.6036,0.128142,71.668,138.774,1.17904,98.6082,0.787388,98.6567,0.787754,37.4503,0.269025,96.5234,0.781869
127,139.342,69.6,0.410171,69.9819,140.354,1.16038,69.9197,140.363,1.16075,153.314,34.6876,0.155796,71.919,139.316,1.15881,99.0799,0.750212,99.1299,0.750582,37.6045,0.254375,96.9853,0.748635
127.5,139.927,69.8545,0.372879,70.219,140.834,1.16571,70.1528,140.845,1.16612,153.845,34.78,0.14212,72.1653,139.792,1.15406,99.485,0.792836,99.5393,0.793237,37.735,0.230759,97.3801,0.781181
128,140.61,70.1216,0.335338,70.4556,141.456,1.20635,70.3909,141.467,1.20675,154.508,34.856,0.073079,72.4111,140.41,1.17427,100.051,0.871014,100.104,0.871412,37.9057,0.262259,97.9361,0.838931
128.5,141.315,70.3676,0.351384,70.6881,142.005,1.18545,70.622,142.017,1.18585,155.106,34.9074,0.110347,72.663,140.95,1.16403,100.599,0.834063,100.653,0.834463,38.0474,0.241037,98.4635,0.812645
129,141.959,70.6035,0.376665,70.9304,142.545,1.16381,70.8627,142.557,1.16421,155.696,34.9806,0.140905,72.924,141.48,1.15119,101.097,0.78714,101.153,0.787545,38.1798,0.23576,98.9408,0.774525
129.5,142.573,70.8463,0.290908,71.1425,143.052,1.22195,71.0717,143.066,1.2224,156.245,35.052,0.0619647,73.1553,141.978,1.1657,101.567,0.931046,101.627,0.931489,38.3166,0.228943,99.3906,0.874793
130,143.063,70.993,0.23884,71.3172,143.582,1.2864,71.2435,143.597,1.28687,156.805,35.0816,0.0214415,73.3545,142.498,1.1974,102.061,1.04756,102.124,1.04803,38.4511,0.217399,99.861,0.95856
130.5,143.74,71.158,0.282456,71.5113,144.249,1.26955,71.44,144.263,1.26998,157.502,35.0997,0.0470762,73.5604,143.162,1.22373,102.759,0.987093,102.819,0.987526,38.595,0.23538,100.547,0.941272
131,144.325,71.3278,0.262268,71.69,144.787,1.27014,71.6162,144.802,1.27058,158.072,35.1282,0.0507563,73.7714,143.686,1.2246,103.306,1.00787,103.369,1.00832,38.7219,0.211511,101.062,0.962333
131.5,144.849,71.4684,0.302985,71.8653,145.294,1.26137,71.7881,145.311,1.26184,158.612,35.1603,0.0636839,73.9902,144.176,1.21585,103.812,0.958387,103.878,0.958857,38.829,0.239302,101.525,0.912867
132,145.47,71.6625,0.321845,72.0653,145.93,1.25141,71.9892,145.946,1.25187,159.279,35.2004,0.0673971,74.2094,144.803,1.22401,104.422,0.929562,104.487,0.930022,38.9892,0.254448,102.116,0.902168
132.5,146.056,71.8579,0.420022,72.2741,146.502,1.19958,72.1973,146.519,1.20003,159.889,35.2524,0.125165,74.4688,145.356,1.18126,104.955,0.779559,105.021,0.780012,39.1318,0.294857,102.6,0.761237
133,146.66,72.1275,0.453646,72.4988,147.021,1.17261,72.4196,147.039,1.17308,160.451,35.3344,0.155271,74.7182,145.864,1.15915,105.399,0.718968,105.467,0.719433,39.293,0.298374,103.018,0.705501
133.5,147.328,72.4536,0.471113,72.7478,147.581,1.14511,72.6679,147.599,1.14557,161.058,35.4345,0.180375,74.982,146.417,1.14373,105.86,0.673992,105.929,0.674459,39.4832,0.290738,103.463,0.672616
134,147.919,72.7542,0.437777,73.0023,148.146,1.15625,72.922,148.164,1.15672,161.674,35.5295,0.0920936,75.2416,146.979,1.14606,106.284,0.718473,106.354,0.718943,39.6849,0.345683,103.881,0.708281
134.5,148.5,73.0262,0.430065,73.2565,148.727,1.15932,73.1762,148.745,1.15979,162.309,35.5907,0.116153,75.5044,147.555,1.14727,106.734,0.729256,106.804,0.729724,39.9012,0.313912,104.321,0.71721
135,149.054,73.2805,0.543042,73.5078,149.327,1.1688,73.4284,149.345,1.16925,162.959,35.6617,0.111464,75.7674,148.149,1.15114,107.193,0.625753,107.262,0.626212,40.1065,0.431579,104.768,0.608097
135.5,149.673,73.6542,0.629636,73.6686,149.957,1.28342,73.5897,149.976,1.28388,163.605,35.7067,-0.0135871,75.9806,148.756,1.18607,107.698,0.653781,107.767,0.654241,40.424,0.643223,105.218,0.556434
136,150.17,74.0159,0.720683,73.7864,150.577,1.3578,73.7069,150.595,1.35828,164.231,35.6917,-0.0425709,76.1086,149.377,1.25302,108.148,0.637115,108.217,0.6376,40.8222,0.763254,105.661,0.532336
136.5,150.709,74.4892,0.708477,73.917,151.172,1.36231,73.8368,151.191,1.36279,164.844,35.6643,-0.0410347,76.2272,149.983,1.29845,108.523,0.653833,108.593,0.654313,41.3179,0.749512,106.051,0.589971
137,151.108,74.8315,0.758411,74.0289,151.743,1.40465,73.9469,151.762,1.40514,165.428,35.6297,-0.0822625,76.2886,150.575,1.36533,108.888,0.646238,108.96,0.646734,41.7353,0.840673,106.466,0.606918
137.5,151.515,75.2166,0.708173,74.1492,152.402,1.35906,74.0684,152.42,1.35953,166.097,35.5868,-0.0331123,76.46,151.22,1.33383,109.284,0.650882,109.354,0.651352,42.2276,0.741286,106.816,0.62566
138,151.933,75.5749,0.692908,74.2848,153.019,1.35009,74.204,153.038,1.35056,166.731,35.5667,-0.025279,76.6114,151.833,1.33138,109.667,0.657178,109.737,0.657649,42.6573,0.718188,107.185,0.638475
138.5,152.381,75.9468,0.726739,74.4127,153.619,1.38639,74.3312,153.638,1.38687,167.347,35.5423,-0.0651526,76.7462,152.432,1.37006,110.055,0.659648,110.126,0.660132,43.0873,0.791892,107.566,0.643324
139,152.821,76.3377,0.722216,74.517,154.198,1.41874,74.4341,154.218,1.41923,167.938,35.4948,-0.0955112,76.8605,153.008,1.40258,110.425,0.696524,110.498,0.697017,43.5509,0.817727,107.927,0.680368
139.5,153.325,76.782,0.713465,74.6146,154.799,1.40092,74.5309,154.818,1.4014,168.547,35.4382,-0.0741874,76.9694,153.606,1.38424,110.824,0.687452,110.897,0.68794,44.057,0.787652,108.315,0.670772
140,153.725,77.1285,0.676885,74.7385,155.476,1.35334,74.6565,155.494,1.35381,169.234,35.3998,-0.0272145,77.1007,154.283,1.33848,111.253,0.676455,111.324,0.676921,44.5175,0.7041,108.739,0.661594
140.5,154.275,77.5706,0.687429,74.8767,156.062,1.33566,74.7937,156.081,1.33613,169.84,35.3854,-0.00889755,77.2495,154.866,1.31984,111.647,0.648231,111.72,0.648703,44.965,0.696327,109.122,0.632411
141,154.797,77.999,0.682903,75.0223,156.663,1.33681,74.9389,156.683,1.33729,170.462,35.3781,-0.0132274,77.405,155.465,1.32116,112.036,0.653905,112.109,0.654385,45.4083,0.696131,109.501,0.638257
141.5,155.268,78.3816,0.669015,75.1768,157.288,1.30923,75.0937,157.307,1.3097,171.107,35.3742,0.0150242,77.5686,156.087,1.29473,112.431,0.640215,112.504,0.640687,45.8316,0.65399,109.888,0.625717
142,155.799,78.8018,0.72381,75.3303,157.937,1.36585,75.2483,157.956,1.36633,171.776,35.3696,-0.0528719,77.7273,156.736,1.35064,112.861,0.642038,112.933,0.642518,46.2775,0.776682,110.313,0.626831
142.5,156.197,79.1539,0.67449,75.4626,158.52,1.3409,75.3795,158.539,1.34137,172.376,35.3423,-0.0187702,77.8721,157.315,1.32427,113.212,0.666409,113.285,0.666884,46.7035,0.69326,110.653,0.64978
143,156.634,79.5032,0.703628,75.6104,159.157,1.33599,75.528,159.176,1.33646,173.032,35.3303,-0.0143845,78.0281,157.95,1.32153,113.621,0.632366,113.693,0.632834,47.1183,0.718012,111.054,0.6179
143.5,157.186,79.971,0.706441,75.7487,159.769,1.36923,75.6662,159.788,1.36971,173.661,35.3135,-0.0499694,78.1744,158.56,1.35382,114.016,0.662791,114.088,0.663265,47.5998,0.75641,111.44,0.647376
144,157.608,80.3313,0.66018,75.8833,160.382,1.33657,75.8006,160.401,1.33703,174.292,35.2885,-0.0122079,78.3195,159.171,1.32093,114.399,0.676387,114.471,0.676851,48.0335,0.672388,111.814,0.660747
144.5,158.007,80.6415,0.823853,76.0043,160.969,1.4308,75.9204,160.989,1.43129,174.894,35.2603,-0.116122,78.4493,159.756,1.41342,114.791,0.606951,114.865,0.607441,48.4211,0.939975,112.199,0.589565
145,158.396,81.061,0.864608,76.0804,161.614,1.49522,75.997,161.633,1.4957,175.539,35.176,-0.174378,78.5318,160.4,1.48244,115.172,0.630611,115.245,0.631091,48.9829,1.03899,112.574,0.617834
145.5,158.86,81.6049,0.847743,76.1189,162.226,1.53223,76.0349,162.245,1.53271,176.145,35.0604,-0.208061,78.5786,161.011,1.51858,115.524,0.684486,115.598,0.684965,49.6504,1.0558,112.918,0.670836
146,159.191,81.9801,0.905124,76.1294,162.792,1.57684,76.0432,162.812,1.57734,176.7,34.9233,-0.250458,78.6011,161.575,1.56285,115.887,0.671719,115.962,0.672212,50.2088,1.15558,113.27,0.657724
146.5,159.611,82.515,0.885527,76.1259,163.374,1.56086,76.0381,163.395,1.56135,177.268,34.7716,-0.23085,78.6088,162.156,1.54454,116.223,0.675329,116.301,0.675821,50.9039,1.11638,113.596,0.659016
147,159.987,82.9755,0.922698,76.1364,164.017,1.55215,76.0489,164.038,1.55263,177.896,34.6285,-0.224261,78.6282,162.799,1.53641,116.613,0.629451,116.691,0.629937,51.5574,1.14696,113.979,0.613717
147.5,160.302,83.3909,0.884925,76.1597,164.654,1.51055,76.0723,164.675,1.51102,178.522,34.4963,-0.181121,78.6605,163.437,1.49343,116.977,0.625621,117.054,0.626097,52.1793,1.06605,114.336,0.608509
148,160.694,83.8697,0.826707,76.2016,165.282,1.49843,76.1141,165.303,1.49891,179.144,34.3846,-0.17041,78.7125,164.063,1.4822,117.332,0.671721,117.41,0.6722,52.8127,0.997116,114.682,0.655488
148.5,161.092,84.302,0.81672,76.2443,165.867,1.49977,76.1553,165.889,1.50026,179.726,34.2783,-0.171198,78.7674,164.647,1.48331,117.694,0.683046,117.773,0.683536,53.3817,0.987918,115.033,0.66659
149,161.597,84.8405,0.814049,76.29,166.51,1.50715,76.2013,166.531,1.50764,180.362,34.1685,-0.181542,78.8219,165.289,1.49221,118.098,0.693103,118.177,0.693592,54.0348,0.995591,115.429,0.678156
149.5,162.051,85.3206,0.839077,76.3321,167.196,1.52618,76.2451,167.216,1.52665,181.039,34.0493,-0.203148,78.8694,165.977,1.51273,118.538,0.687098,118.615,0.687577,54.6745,1.04223,115.864,0.673652
150,162.454,85.77,0.911571,76.3518,167.81,1.55939,76.2642,167.83,1.55988,181.641,33.9164,-0.234491,78.8982,166.59,1.5455,118.929,0.647821,119.007,0.648306,55.2895,1.14606,116.247,0.633929
150.5,162.85,86.2811,0.815815,76.3787,168.497,1.49757,76.2928,168.517,1.49802,182.314,33.7804,-0.169622,78.9299,167.278,1.48069,119.318,0.681752,119.394,0.682209,55.9925,0.985437,116.633,0.664876
151,163.222,86.6764,0.832131,76.4352,169.107,1.45791,76.3486,169.127,1.45837,182.923,33.6822,-0.128003,78.9976,167.887,1.44037,119.695,0.625781,119.771,0.626239,56.5376,0.960134,117,0.608239
151.5,163.614,87.1064,0.895793,76.4831,169.814,1.58905,76.3989,169.833,1.58953,183.621,33.5709,-0.277735,79.0497,168.596,1.5802,120.135,0.693254,120.209,0.693732,57.1518,1.17353,117.438,0.684404
152,164.017,87.6103,0.908925,76.4712,170.365,1.58194,76.3844,170.384,1.58241,184.155,33.4047,-0.258501,79.0501,169.144,1.56811,120.468,0.67301,120.545,0.673488,57.8253,1.16743,117.759,0.659189
152.5,164.455,88.1724,0.900612,76.4836,171.121,1.52853,76.4007,171.139,1.52897,184.889,33.2493,-0.202854,79.0615,169.905,1.51266,120.911,0.627922,120.984,0.628356,58.6012,1.10347,118.204,0.612052
153,164.778,88.5803,0.909184,76.5123,171.745,1.52567,76.4291,171.763,1.52611,185.504,33.123,-0.19884,79.0999,170.528,1.51012,121.274,0.616487,121.347,0.616926,59.2035,1.10802,118.559,0.600938
153.5,165.202,89.1242,0.973309,76.5179,172.304,1.61257,76.4322,172.323,1.61303,186.052,32.9844,-0.288044,79.1203,171.084,1.59922,121.588,0.639256,121.664,0.639725,59.8865,1.26135,118.859,0.625914
154,165.497,89.5578,0.914093,76.4889,172.851,1.61431,76.4005,172.871,1.61479,186.58,32.8095,-0.284814,79.1057,171.629,1.59882,121.903,0.700219,121.981,0.700696,60.5382,1.19891,119.16,0.684722
154.5,165.927,90.1154,0.88755,76.4708,173.432,1.55163,76.3806,173.453,1.55211,187.143,32.6463,-0.217844,79.0998,172.209,1.5326,122.246,0.664084,122.326,0.664556,61.2603,1.10539,119.492,0.64505
155,166.337,90.6189,0.888525,76.4851,174.074,1.55014,76.3952,174.095,1.55061,187.772,32.5086,-0.222631,79.1241,172.852,1.53432,122.63,0.661613,122.71,0.662087,61.9376,1.11116,119.868,0.64579
155.5,166.671,91.0306,0.873817,76.497,174.611,1.53544,76.4041,174.632,1.53593,188.3,32.3769,-0.203671,79.1525,173.384,1.51756,122.951,0.661627,123.034,0.662115,62.5144,1.07749,120.173,0.643738
156,167.022,91.4495,0.902786,76.5212,175.247,1.53364,76.4284,175.269,1.53413,188.926,32.2485,-0.206465,79.1866,174.021,1.51786,123.339,0.630856,123.421,0.631344,63.1233,1.10925,120.553,0.615076
156.5,167.468,92.0152,0.958733,76.5331,175.825,1.57526,76.4386,175.847,1.57576,189.493,32.1137,-0.248923,79.2115,174.596,1.56038,123.666,0.616527,123.75,0.617031,63.8222,1.20766,120.867,0.601646
157,167.897,92.6263,0.945552,76.5384,176.465,1.54457,76.4441,176.487,1.54506,190.117,31.9637,-0.21649,79.2249,175.237,1.52812,123.998,0.599019,124.082,0.599511,64.6039,1.16204,121.191,0.582565
157.5,168.234,93.0933,0.866955,76.5578,177.052,1.52375,76.4621,177.074,1.52425,190.694,31.8344,-0.193689,79.2573,175.822,1.50633,124.312,0.656797,124.398,0.657294,65.2463,1.06064,121.495,0.639375
158,168.646,93.5789,0.79843,76.6028,177.697,1.46058,76.5074,177.719,1.46107,191.333,31.7236,-0.130258,79.311,176.467,1.44264,124.691,0.662153,124.777,0.662639,65.8843,0.928688,121.866,0.644211
158.5,169.105,94.0495,0.800149,76.6661,178.28,1.47564,76.5693,178.303,1.47614,191.917,31.6397,-0.148654,79.3878,177.048,1.45875,125.059,0.675489,125.146,0.675991,66.4483,0.948803,122.221,0.658605
159,169.471,94.4265,0.826011,76.742,178.912,1.40521,76.6452,178.935,1.4057,192.551,31.559,-0.0752208,79.4735,177.679,1.38739,125.445,0.579201,125.532,0.579691,66.9701,0.901231,122.599,0.561383
159.5,169.826,94.812,0.77969,76.8379,179.48,1.42197,76.7395,179.504,1.42248,193.129,31.5094,-0.0962137,79.5836,178.244,1.4042,125.76,0.642283,125.849,0.642792,67.4553,0.875904,122.901,0.624515
160,170.337,95.3166,0.817773,76.9133,180.152,1.53379,76.8161,180.175,1.53432,193.801,31.4228,-0.221671,79.664,178.916,1.52208,126.194,0.716022,126.282,0.716542,68.0661,1.03944,123.331,0.704308
160.5,170.832,95.8455,0.808131,76.9593,180.808,1.45791,76.8627,180.83,1.4584,194.448,31.2992,-0.132943,79.7179,179.572,1.44078,126.613,0.649778,126.699,0.650269,68.7308,0.941074,123.742,0.632644
161,171.35,96.3871,0.816139,77.0154,181.381,1.50416,76.9171,181.404,1.50467,195.021,31.2088,-0.18069,79.7876,180.143,1.48799,126.976,0.688019,127.065,0.688529,69.3437,0.996829,124.091,0.671847
161.5,171.805,96.8711,0.808697,77.0599,181.968,1.48173,76.9602,181.992,1.48224,195.605,31.1022,-0.154085,79.8449,180.728,1.4643,127.351,0.673035,127.441,0.673544,69.9425,0.962781,124.453,0.655604
162,172.223,97.3086,0.765232,77.1292,182.598,1.42169,77.0295,182.622,1.42219,196.234,31.0161,-0.092072,79.9243,181.356,1.40395,127.738,0.656453,127.828,0.656953,70.5071,0.857304,124.832,0.63872
162.5,172.642,97.7111,0.707847,77.2384,183.27,1.37566,77.14,183.293,1.37615,196.914,30.9623,-0.0499854,80.04,182.028,1.36109,128.149,0.667811,128.237,0.668302,71.0248,0.757832,125.237,0.653241
163,173.124,98.124,0.667085,77.3854,183.931,1.29904,77.2882,183.954,1.29952,197.593,30.9422,0.0284589,80.1924,182.688,1.2874,128.565,0.631955,128.652,0.632431,71.4989,0.638626,125.648,0.62031
163.5,173.646,98.5347,0.692601,77.551,184.565,1.32088,77.4545,184.587,1.32137,198.25,30.9492,-0.0117037,80.3631,183.321,1.30618,128.978,0.628283,129.065,0.62877,71.9246,0.704304,126.057,0.613581
164,174.177,98.9758,0.680382,77.7117,185.179,1.30718,77.6153,185.202,1.30767,198.887,30.9441,0.00844551,80.5326,183.933,1.29381,129.37,0.626802,129.457,0.627285,72.3802,0.671936,126.44,0.61343
164.5,174.732,99.4248,0.805153,77.7999,185.831,1.58154,77.704,185.853,1.58206,199.542,30.8879,-0.298006,80.6138,184.589,1.53507,129.854,0.776384,129.94,0.776909,72.8892,1.10316,126.93,0.729917
165,175.176,99.8864,0.769129,77.8253,186.462,1.48026,77.7294,186.484,1.48074,200.156,30.7268,-0.167475,80.6746,185.217,1.44638,130.279,0.711129,130.365,0.711612,73.5327,0.936605,127.326,0.677248
165.5,175.538,100.237,0.727258,77.9048,187.153,1.41072,77.8107,187.174,1.41118,200.845,30.6322,-0.0867812,80.7671,185.908,1.39142,130.716,0.683461,130.8,0.68392,74.0624,0.81404,127.754,0.664158
166,175.989,100.638,0.748412,77.9959,187.837,1.45822,77.9035,187.857,1.45868,201.531,30.5617,-0.142674,80.8616,186.593,1.44548,131.172,0.709806,131.255,0.710271,74.5861,0.891086,128.209,0.697065
166.5,176.526,101.137,0.804895,78.0676,188.497,1.46285,77.9762,188.517,1.4633,202.191,30.4692,-0.141497,80.9376,187.255,1.44898,131.628,0.657952,131.709,0.658405,75.1836,0.946392,128.66,0.644081
167,176.879,101.504,0.737481,78.1404,189.034,1.43757,78.0461,189.055,1.43803,202.733,30.3918,-0.109863,81.0285,187.786,1.42017,131.95,0.700089,132.035,0.700551,75.6661,0.847343,128.965,0.682694
167.5,177.373,101.953,0.744075,78.2261,189.601,1.41613,78.1299,189.623,1.41659,203.307,30.3298,-0.087058,81.1299,188.349,1.39787,132.334,0.672051,132.421,0.67252,76.1737,0.831133,129.333,0.653796
168,177.758,102.307,0.778349,78.3302,190.219,1.38075,78.2338,190.241,1.38122,203.935,30.2804,-0.0533584,81.245,188.965,1.36418,132.719,0.602404,132.806,0.60287,76.6357,0.831707,129.709,0.585827
168.5,178.178,102.721,0.769801,78.4384,190.825,1.42682,78.3415,190.847,1.4273,204.552,30.2359,-0.110018,81.3632,189.57,1.41015,133.08,0.657017,133.167,0.657497,77.1345,0.879818,130.061,0.640352
169,178.539,103.071,0.765521,78.5226,191.368,1.43714,78.4232,191.391,1.43764,205.102,30.1707,-0.1146,81.4648,190.107,1.4186,133.415,0.671624,133.505,0.672114,77.5894,0.880121,130.379,0.65308
169.5,179.004,103.518,0.811134,78.5929,191.989,1.50939,78.4932,192.012,1.50989,205.725,30.0841,-0.191807,81.5442,190.728,1.49482,133.827,0.698257,133.917,0.698754,78.1445,1.00294,130.782,0.683684
170,179.429,103.966,0.862063,78.6299,192.608,1.51907,78.5298,192.631,1.51956,206.336,29.9635,-0.196092,81.5907,191.345,1.5039,134.231,0.657004,134.321,0.657496,78.7421,1.05815,131.178,0.641833
170.5,179.786,104.382,0.849325,78.6763,193.247,1.46456,78.5764,193.27,1.46503,206.969,29.8502,-0.13739,81.6459,191.984,1.44759,134.611,0.615231,134.701,0.615709,79.3337,0.986715,131.551,0.598263
171,180.14,104.784,0.817494,78.7313,193.864,1.51595,78.631,193.887,1.51645,207.584,29.7529,-0.19556,81.7111,192.6,1.50118,134.978,0.698461,135.068,0.698953,79.8927,1.01305,131.909,0.68369
171.5,180.512,105.181,0.811851,78.7706,194.512,1.5046,78.6706,194.535,1.50508,208.223,29.6313,-0.180743,81.7575,193.249,1.48935,135.394,0.692752,135.484,0.693234,80.4717,0.992595,132.319,0.677503
172,180.972,105.666,0.737911,78.8259,195.099,1.44414,78.7246,195.122,1.44462,208.809,29.5329,-0.114488,81.8264,193.833,1.42606,135.765,0.706226,135.856,0.706705,81.0625,0.852399,132.677,0.688144
172.5,181.351,106.01,0.733239,78.9134,195.733,1.41271,78.8123,195.756,1.41319,209.447,29.4645,-0.0862042,81.9232,194.465,1.39655,136.175,0.679468,136.266,0.679946,81.5392,0.819444,133.079,0.663308
173,181.906,106.511,0.701091,79.0318,196.423,1.35158,78.9326,196.445,1.35205,210.145,29.415,-0.027038,82.0447,195.156,1.3388,136.628,0.650492,136.718,0.650956,82.1049,0.728129,133.53,0.637706
173.5,182.456,106.975,0.596605,79.1843,197.077,1.30603,79.0863,197.099,1.30649,210.819,29.4019,0.0168119,82.2007,195.809,1.29661,137.053,0.709425,137.141,0.709881,82.5956,0.579793,133.95,0.700009
174,183.038,107.37,0.623304,79.3432,197.599,1.31061,79.2425,197.622,1.31108,211.369,29.416,0.00948283,82.3752,196.326,1.29431,137.455,0.687307,137.546,0.68778,82.9426,0.613821,134.336,0.671006
174.5,183.51,107.709,0.59535,79.5128,198.223,1.28579,79.4124,198.246,1.28626,212.018,29.4231,0.0314097,82.5532,196.948,1.27508,137.87,0.69044,137.961,0.69091,83.3153,0.563941,134.743,0.679726
175,184.129,108.128,0.624428,79.6885,198.816,1.28849,79.5877,198.839,1.28896,212.639,29.4403,0.0219191,82.7374,197.538,1.27458,138.319,0.664062,138.41,0.664536,83.6938,0.602508,135.182,0.650153
175.5,184.537,108.423,0.616495,79.8558,199.402,1.3102,79.7543,199.425,1.31068,213.251,29.4494,-0.00326366,82.9152,198.119,1.28864,138.691,0.693707,138.783,0.694187,84.0313,0.619759,135.545,0.672143
176,185.068,108.799,0.593831,80.0226,199.938,1.28357,79.919,199.962,1.28406,213.816,29.4576,0.0306759,83.1064,198.647,1.26423,139.071,0.689739,139.165,0.690224,84.3888,0.563155,135.9,0.670402
176.5,185.659,109.198,0.604117,80.2206,200.602,1.23514,80.1187,200.626,1.23561,214.51,29.4792,0.0797966,83.3136,199.308,1.23545,139.542,0.631028,139.634,0.631498,84.7792,0.52432,136.362,0.631333
177,186.186,109.562,0.502004,80.4322,201.154,1.21552,80.3289,201.178,1.216,215.101,29.5348,0.101573,83.532,199.857,1.22058,139.903,0.713518,139.997,0.713994,85.0905,0.400431,136.715,0.718574
177.5,186.643,109.813,0.541501,80.6449,201.649,1.21214,80.5388,201.674,1.21263,215.639,29.6022,0.0923684,83.7542,200.347,1.21349,140.248,0.670634,140.345,0.671125,85.2905,0.449133,137.05,0.671993
178,187.097,110.086,0.554053,80.8753,202.222,1.1972,80.7685,202.246,1.1977,216.256,29.6626,0.111069,83.9829,200.919,1.20677,140.613,0.643149,140.71,0.643643,85.5461,0.442984,137.416,0.652721
178.5,187.659,110.434,0.554121,81.1105,202.795,1.19245,81.0029,202.819,1.19295,216.875,29.7328,0.120083,84.2154,201.492,1.20244,141.008,0.638328,141.105,0.638825,85.8264,0.434038,137.812,0.648323
179,188.229,110.786,0.517848,81.3352,203.298,1.19426,81.225,203.323,1.19478,217.426,29.7992,0.0511057,84.4459,201.991,1.20018,141.368,0.676417,141.467,0.676931,86.089,0.466742,138.164,0.682333
179.5,188.727,111.07,0.490098,81.5742,203.91,1.19495,81.4642,203.933,1.19545,218.087,29.8275,0.0509562,84.6782,202.604,1.20225,141.778,0.70485,141.876,0.705352,86.3847,0.439141,138.581,0.712152
180,189.364,111.41,0.441807,81.8148,204.518,1.19475,81.7048,204.539,1.19524,218.744,29.8554,0.0488614,84.9108,203.212,1.20377,142.253,0.752944,142.35,0.753436,86.6851,0.392945,139.062,0.761959
180.5,189.927,111.676,0.456886,82.0579,205.175,1.19731,81.9496,205.195,1.19777,219.453,29.8702,0.00544398,85.1367,203.875,1.20957,142.751,0.740426,142.846,0.740889,86.9709,0.451442,139.577,0.752685
181,190.479,111.947,0.457197,82.3161,205.815,1.19176,82.208,205.83,1.19221,220.147,29.8763,0.0511751,85.374,204.518,1.20897,143.214,0.734562,143.306,0.735016,87.2687,0.406022,140.059,0.751768
181.5,191.13,112.268,0.432072,82.5456,206.352,1.19477,82.4355,206.366,1.19526,220.737,29.9046,0.0240385,85.6043,205.054,1.20943,143.675,0.762703,143.768,0.763183,87.5228,0.408034,140.517,0.777359
182,191.805,112.579,0.43548,82.7777,206.859,1.19493,82.6642,206.871,1.19545,221.299,29.9268,0.0408116,85.8434,205.555,1.20678,144.138,0.759446,144.232,0.759969,87.7567,0.394668,140.97,0.771301
182.5,192.279,112.799,0.498954,83.0353,207.435,1.19045,82.9195,207.442,1.19094,221.932,29.9575,0.0784403,86.0925,206.128,1.20377,144.534,0.691497,144.626,0.691989,87.9892,0.420513,141.371,0.704821
183,192.771,113.067,0.509284,83.2989,208.073,1.18891,83.1816,208.07,1.18935,222.623,30.005,0.1034,86.3477,206.76,1.20189,144.949,0.679625,145.036,0.680071,88.2638,0.405885,141.789,0.692601
183.5,193.391,113.414,0.43177,83.5409,208.63,1.19033,83.4199,208.621,1.19083,223.231,30.072,0.115859,86.598,207.307,1.19984,145.373,0.758561,145.458,0.759059,88.5225,0.315911,142.199,0.768068
184,194.054,113.719,0.413191,83.773,209.247,1.19627,83.6538,209.239,1.19672,223.927,29.8915,-1.204,86.8107,207.933,1.20841,145.902,0.783078,145.987,0.783531,88.9914,1.61719,142.75,0.795219
184.5,194.68,113.993,0.363788,84.003,209.772,1.19831,83.8812,209.763,1.19881,224.268,29.4301,0.0500972,87.0408,208.457,1.2099,146.365,0.834517,146.452,0.835025,89.5905,0.313691,143.211,0.846117
185,195.296,114.228,0.406115,84.2425,210.279,1.19742,84.1167,210.266,1.198,224.835,29.4597,0.0178285,87.2815,208.96,1.2089,146.829,0.7913,146.916,0.791881,89.7677,0.388287,143.67,0.802781
185.5,195.859,114.47,0.319779,84.4477,210.809,1.20445,84.3205,210.799,1.20511,225.42,29.4554,-0.0824224,87.4877,209.492,1.21462,147.288,0.884674,147.377,0.88533,90.0074,0.402202,144.13,0.894841
186,196.419,114.656,0.40397,84.6928,211.324,1.20245,84.5623,211.311,1.20315,225.998,29.4135,-0.047332,87.7243,210.007,1.21452,147.741,0.798483,147.832,0.799179,90.2282,0.451302,144.591,0.810549
186.5,197.003,114.905,0.390644,84.9614,211.838,1.19663,84.8268,211.819,1.19732,226.583,29.3938,-0.0081539,87.9778,210.521,1.21201,148.153,0.805988,148.243,0.806679,90.483,0.398798,145.013,0.821363
187,197.558,115.134,0.294613,85.1022,212.527,1.22037,84.9772,212.524,1.22104,227.31,29.3228,-0.312437,88.07,211.249,1.23855,148.767,0.925758,148.86,0.926428,90.8225,0.60705,145.691,0.943937
187.5,198.093,115.296,0.344708,85.4033,213.035,1.20828,85.2748,213.028,1.20899,227.88,29.1597,-0.170133,88.3302,211.769,1.23435,149.171,0.863569,149.263,0.864279,91.1416,0.514841,146.133,0.889639
188,198.751,115.533,0.337672,85.5997,213.609,1.2165,85.4711,213.605,1.21725,228.499,29.0616,-0.122506,88.5084,212.353,1.2425,149.741,0.878832,149.835,0.879581,91.4447,0.460178,146.723,0.904826
188.5,199.414,115.765,0.344268,85.8559,214.141,1.21344,85.7247,214.134,1.21425,229.098,28.994,-0.0817523,88.7402,212.892,1.2424,150.244,0.869168,150.339,0.869984,91.7083,0.42602,147.249,0.898133
189,199.941,115.954,0.311218,86.1065,214.662,1.21123,85.9717,214.653,1.21217,229.687,28.9482,-0.0657881,88.9769,213.416,1.24146,150.67,0.900007,150.766,0.900954,91.9505,0.377006,147.688,0.930238
189.5,200.561,116.154,0.433997,86.4765,215.176,1.19282,86.3392,215.158,1.19348,230.308,28.9185,-0.00100057,89.2885,213.945,1.23214,151.065,0.75882,151.157,0.759486,92.1675,0.434997,148.137,0.798145
190,201.172,116.437,0.47467,86.7333,215.681,1.19081,86.588,215.655,1.19171,230.88,28.9291,0.0374804,89.5881,214.425,1.22359,151.478,0.716137,151.571,0.717042,92.413,0.43719,148.502,0.748921
190.5,201.673,116.694,0.390104,86.9747,216.21,1.19206,86.8243,216.178,1.19302,231.471,28.945,-0.0152265,89.8429,214.944,1.22163,151.852,0.801955,151.945,0.802912,92.6707,0.40533,148.858,0.831522
191,202.183,116.904,0.385155,87.2637,216.781,1.18972,87.1117,216.737,1.19028,232.116,28.9368,0.00697029,90.1296,215.506,1.21853,152.256,0.804565,152.342,0.805121,92.9205,0.378184,149.26,0.833377
191.5,202.755,117.136,0.300641,87.4698,217.361,1.19784,87.3219,217.324,1.1983,232.76,28.8933,-0.230856,90.2681,216.121,1.23209,152.76,0.897198,152.847,0.897662,93.2044,0.531497,149.838,0.931448
192,203.351,117.32,0.334838,87.8267,217.988,1.19077,87.6823,217.937,1.19071,233.474,28.77,-0.0681652,90.5489,216.77,1.23263,153.231,0.855934,153.306,0.855876,93.5339,0.403003,150.381,0.897796
192.5,203.906,117.514,0.415466,88.1328,218.571,1.18811,87.9814,218.506,1.1884,234.135,28.7352,-0.00690576,90.8681,217.337,1.22697,153.675,0.772643,153.747,0.772938,93.7838,0.422372,150.806,0.811501
193,204.464,117.76,0.478811,88.3671,219.078,1.18922,88.2028,219.005,1.19011,234.702,28.7404,0.018576,91.1564,217.815,1.22094,154.091,0.710413,154.166,0.711297,94.015,0.460235,151.161,0.742132
193.5,205.069,118.074,0.488084,88.7096,219.694,1.18538,88.5475,219.596,1.18537,235.402,28.751,0.0568463,91.5154,218.408,1.21484,154.487,0.697297,154.544,0.697283,94.3329,0.431237,151.53,0.72676
194,205.658,118.386,0.549377,88.9678,220.252,1.18709,88.793,220.14,1.18768,236.021,28.7886,0.0700282,91.8232,218.934,1.21032,154.897,0.637714,154.955,0.638298,94.6029,0.479349,151.882,0.66094
194.5,206.122,118.671,0.581563,89.3232,220.906,1.18518,89.1527,220.765,1.18492,236.76,28.8044,-0.014539,92.1945,219.563,1.20725,155.222,0.60362,155.258,0.603358,94.9455,0.596102,152.18,0.62569
195,206.707,119.055,0.646931,89.5843,221.475,1.18752,89.4046,221.322,1.18775,237.396,28.7908,-0.0263695,92.47,220.117,1.20744,155.587,0.540586,155.622,0.540819,95.339,0.6733,152.524,0.560512
195.5,207.178,119.411,0.674006,89.8544,222.034,1.18854,89.6685,221.87,1.18892,238.029,28.7694,-0.0425231,92.7366,220.669,1.20834,155.873,0.514538,155.905,0.514917,95.748,0.71653,152.807,0.534334
196,207.681,119.813,0.714255,90.1544,222.621,1.18881,89.9689,222.443,1.18894,238.699,28.7328,-0.0661502,93.0177,221.256,1.21044,156.148,0.474554,156.17,0.474685,96.2169,0.780405,153.096,0.496182
196.5,208.066,120.147,0.773377,90.4463,223.225,1.19105,90.2668,223.038,1.1908,239.387,28.6734,-0.120299,93.2653,221.877,1.21649,156.395,0.417669,156.407,0.41742,96.6871,0.893676,153.389,0.443115
197,208.483,120.554,0.773407,90.6357,223.744,1.19634,90.449,223.56,1.19647,239.963,28.5969,-0.146531,93.4187,222.413,1.22313,156.64,0.422933,156.66,0.423067,97.1961,0.919938,153.672,0.449718
197.5,208.92,120.98,0.706296,90.9475,224.259,1.19175,90.7503,224.065,1.19227,240.567,28.5173,-0.0869159,93.697,222.934,1.22155,156.793,0.485456,156.813,0.485972,97.7288,0.793212,153.854,0.51525
198,209.419,121.406,0.69591,91.247,224.816,1.19097,91.0488,224.61,1.1913,241.211,28.4593,-0.0900524,93.9575,223.501,1.22362,157.029,0.495061,157.043,0.495392,98.2333,0.785963,154.126,0.527709
198.5,209.846,121.763,0.759384,91.534,225.356,1.19025,91.3299,225.139,1.19068,241.834,28.4033,-0.0835137,94.2212,224.045,1.22425,157.256,0.430864,157.267,0.431299,98.6877,0.842897,154.372,0.464865
199,210.278,122.173,0.765017,91.8095,225.914,1.19167,91.6055,225.689,1.19196,242.475,28.3416,-0.118942,94.4471,224.62,1.22867,157.471,0.426651,157.476,0.426944,99.2015,0.883959,154.636,0.463653
199.5,210.647,122.527,0.832077,92.0654,226.477,1.19488,91.8641,226.248,1.19499,243.116,28.2582,-0.150942,94.623,225.217,1.23662,157.693,0.362798,157.694,0.362912,99.7039,0.983019,154.941,0.40454
